name,source_url,national_dex_number,national_dex_variant,base_hp,base_attack,base_defense,base_sp_attack,base_sp_defense,base_speed,height_m,weight_kg,evolution_stage,primary_type,secondary_type,egg_groups,ev_yield_stat,generation_first_introduced,generations_present,error,html_snippet,extra
Victini,https://bulbapedia.bulbagarden.net/wiki/Victini_(Pok%C3%A9mon),494,,100,100,100,100,100,100,0.4,4.0,1st,Psychic,Fire,[],"[""HP""]",Gen V,"[""Gen V"", ""Gen VI"", ""Gen VII"", ""Gen VIII"", ""Gen IX""]",,,
Ivysaur,https://bulbapedia.bulbagarden.net/wiki/Ivysaur_(Pok%C3%A9mon),2,,,,,,,,1.0,13.0,2nd,Grass,Poison,"[""Monster"", ""Grass""]","[""Sp. Atk"", ""Sp. Def""]",Gen I,"[""Gen I"", ""Gen II"", ""Gen III"", ""Gen IV"", ""Gen V"", ""Gen VI"", ""Gen VII"", ""Gen VIII"", ""Gen IX""]",,,
Venusaur,https://bulbapedia.bulbagarden.net/wiki/Venusaur_(Pok%C3%A9mon),3,,,,,,,,2.0,100.0,3rd,Grass,Poison,"[""Monster"", ""Grass""]","[""Sp. Atk"", ""Sp. Def""]",Gen I,"[""Gen I"", ""Gen II"", ""Gen III"", ""Gen IV"", ""Gen V"", ""Gen VI"", ""Gen VII"", ""Gen VIII"", ""Gen IX""]",,,
Charmander,https://bulbapedia.bulbagarden.net/wiki/Charmander_(Pok%C3%A9mon),4,,,,,,,,0.6,8.5,1st,Fire,,"[""Monster"", ""Dragon""]","[""Speed""]",Gen I,"[""Gen I"", ""Gen II"", ""Gen III"", ""Gen IV"", ""Gen V"", ""Gen VI"", ""Gen VII"", ""Gen VIII"", ""Gen IX""]",,,
Charmeleon,https://bulbapedia.bulbagarden.net/wiki/Charmeleon_(Pok%C3%A9mon),5,,,,,,,,1.1,19.0,2nd,Fire,,"[""Monster"", ""Dragon""]","[""Sp. Atk"", ""Speed""]",Gen I,"[""Gen I"", ""Gen II"", ""Gen III"", ""Gen IV"", ""Gen V"", ""Gen VI"", ""Gen VII"", ""Gen VIII"", ""Gen IX""]",,,
Squirtle,https://bulbapedia.bulbagarden.net/wiki/Squirtle_(Pok%C3%A9mon),7,,,,,,,,0.5,9.0,1st,Water,,"[""Monster"", ""Water 1""]","[""Def""]",Gen I,"[""Gen I"", ""Gen II"", ""Gen III"", ""Gen IV"", ""Gen V"", ""Gen VI"", ""Gen VII"", ""Gen VIII"", ""Gen IX""]",,,
Blastoise,https://bulbapedia.bulbagarden.net/wiki/Blastoise_(Pok%C3%A9mon),9,,,,,,,,1.6,85.5,3rd,Water,,"[""Monster"", ""Water 1""]","[""Sp. Def""]",Gen I,"[""Gen I"", ""Gen II"", ""Gen III"", ""Gen IV"", ""Gen V"", ""Gen VI"", ""Gen VII"", ""Gen VIII"", ""Gen IX""]",,,
Bulbasaur,https://bulbapedia.bulbagarden.net/wiki/Bulbasaur_(Pok%C3%A9mon),1,,45,49,49,65,65,45,0.7,6.9,1st,Grass,Poison,"[""Monster"", ""Grass""]","[""Sp. Atk""]",Gen I,"[""Gen I"", ""Gen II"", ""Gen III"", ""Gen IV"", ""Gen V"", ""Gen VI"", ""Gen VII"", ""Gen VIII"", ""Gen IX""]",,,
Caterpie,https://bulbapedia.bulbagarden.net/wiki/Caterpie_(Pok%C3%A9mon),10,,,,,,,,0.3,2.9,1st,Bug,,"[""Bug""]","[""HP""]",Gen I,"[""Gen I"", ""Gen II"", ""Gen III"", ""Gen IV"", ""Gen V"", ""Gen VI"", ""Gen VII"", ""Gen VIII"", ""Gen IX""]",,,
Charizard,https://bulbapedia.bulbagarden.net/wiki/Charizard_(Pok%C3%A9mon),6,,,,,,,,1.7,90.5,3rd,Fire,Flying,"[""Monster"", ""Dragon""]","[""Sp. Atk""]",Gen I,"[""Gen I"", ""Gen II"", ""Gen III"", ""Gen IV"", ""Gen V"", ""Gen VI"", ""Gen VII"", ""Gen VIII"", ""Gen IX""]",,,
Metapod,https://bulbapedia.bulbagarden.net/wiki/Metapod_(Pok%C3%A9mon),11,,50,20,55,25,25,30,0.7,9.9,2nd,Bug,,"[""Bug""]","[""Defense""]",Gen I,"[""Gen I"", ""Gen II"", ""Gen III"", ""Gen IV"", ""Gen V"", ""Gen VI"", ""Gen VII"", ""Gen VIII"", ""Gen IX""]",,,
Weedle,https://bulbapedia.bulbagarden.net/wiki/Weedle_(Pok%C3%A9mon),13,,,,,,,,0.3,3.2,1st,Bug,Poison,"[""Bug""]","[""Speed""]",Gen I,"[""Gen I"", ""Gen II"", ""Gen III"", ""Gen IV"", ""Gen V"", ""Gen VI"", ""Gen VII"", ""Gen VIII"", ""Gen IX""]",,,
Pidgey,https://bulbapedia.bulbagarden.net/wiki/Pidgey_(Pok%C3%A9mon),16,,,,,,,,0.3,1.8,1st,Normal,Flying,"[""Flying""]","[""Speed""]",Gen I,"[""Gen I"", ""Gen II"", ""Gen III"", ""Gen IV"", ""Gen V"", ""Gen VI"", ""Gen VII"", ""Gen VIII"", ""Gen IX""]",,,
Butterfree,https://bulbapedia.bulbagarden.net/wiki/Butterfree_(Pok%C3%A9mon),12,,,,,,,,1.1,32.0,3rd,Bug,Flying,"[""Bug""]","[""Sp. Atk"", ""Sp. Def""]",Gen I,"[""Gen I"", ""Gen II"", ""Gen III"", ""Gen IV"", ""Gen V"", ""Gen VI"", ""Gen VII"", ""Gen VIII"", ""Gen IX""]",,,
Pidgeotto,https://bulbapedia.bulbagarden.net/wiki/Pidgeotto_(Pok%C3%A9mon),17,,,,,,,,1.1,30.0,2nd,Normal,Flying,"[""Flying""]","[""Speed""]",Gen I,"[""Gen I"", ""Gen II"", ""Gen III"", ""Gen IV"", ""Gen V"", ""Gen VI"", ""Gen VII"", ""Gen VIII"", ""Gen IX""]",,,
Wartortle,https://bulbapedia.bulbagarden.net/wiki/Wartortle_(Pok%C3%A9mon),8,,,,,,,,1.0,22.5,2nd,Water,,"[""Monster"", ""Water 1""]","[""Def"", ""Sp. Def""]",Gen I,"[""Gen I"", ""Gen II"", ""Gen III"", ""Gen IV"", ""Gen V"", ""Gen VI"", ""Gen VII"", ""Gen VIII"", ""Gen IX""]",,,
Kakuna,https://bulbapedia.bulbagarden.net/wiki/Kakuna_(Pok%C3%A9mon),14,,45,25,50,25,25,35,0.6,10.0,2nd,Bug,Poison,"[""Bug""]","[""Defense""]",Gen I,"[""Gen I"", ""Gen II"", ""Gen III"", ""Gen IV"", ""Gen V"", ""Gen VI"", ""Gen VII"", ""Gen VIII"", ""Gen IX""]",,,
Pidgeot,https://bulbapedia.bulbagarden.net/wiki/Pidgeot_(Pok%C3%A9mon),18,,,,,,,,1.5,39.5,3rd,Normal,Flying,"[""Flying""]","[""Speed""]",Gen I,"[""Gen I"", ""Gen II"", ""Gen III"", ""Gen IV"", ""Gen V"", ""Gen VI"", ""Gen VII"", ""Gen VIII"", ""Gen IX""]",,,
Spearow,https://bulbapedia.bulbagarden.net/wiki/Spearow_(Pok%C3%A9mon),21,,,,,,,,0.3,2.0,1st,Normal,Flying,"[""Flying""]","[""Speed""]",Gen I,"[""Gen I"", ""Gen II"", ""Gen III"", ""Gen IV"", ""Gen V"", ""Gen VI"", ""Gen VII"", ""Gen VIII"", ""Gen IX""]",,,
Raticate,https://bulbapedia.bulbagarden.net/wiki/Raticate_(Pok%C3%A9mon),20,,,,,,,,0.7,18.5,2nd,Normal,,"[""Field""]","[""Speed""]",Gen I,"[""Gen I"", ""Gen II"", ""Gen III"", ""Gen IV"", ""Gen V"", ""Gen VI"", ""Gen VII"", ""Gen VIII"", ""Gen IX""]",,,
Rattata,https://bulbapedia.bulbagarden.net/wiki/Rattata_(Pok%C3%A9mon),19,,,,,,,,0.3,3.5,1st,Normal,,"[""Field""]","[""Speed""]",Gen I,"[""Gen I"", ""Gen II"", ""Gen III"", ""Gen IV"", ""Gen V"", ""Gen VI"", ""Gen VII"", ""Gen VIII"", ""Gen IX""]",,,
Fearow,https://bulbapedia.bulbagarden.net/wiki/Fearow_(Pok%C3%A9mon),22,,,,,,,,1.2,38.0,2nd,Normal,Flying,"[""Flying""]","[""Speed""]",Gen I,"[""Gen I"", ""Gen II"", ""Gen III"", ""Gen IV"", ""Gen V"", ""Gen VI"", ""Gen VII"", ""Gen VIII"", ""Gen IX""]",,,
Beedrill,https://bulbapedia.bulbagarden.net/wiki/Beedrill_(Pok%C3%A9mon),15,,,,,,,,1.0,29.5,3rd,Bug,Poison,"[""Bug""]","[""Atk"", ""Sp. Def""]",Gen I,"[""Gen I"", ""Gen II"", ""Gen III"", ""Gen IV"", ""Gen V"", ""Gen VI"", ""Gen VII"", ""Gen VIII"", ""Gen IX""]",,,
Ekans,https://bulbapedia.bulbagarden.net/wiki/Ekans_(Pok%C3%A9mon),23,,,,,,,,2.0,6.9,1st,Poison,,"[""Field"", ""Dragon""]","[""Attack""]",Gen I,"[""Gen I"", ""Gen II"", ""Gen III"", ""Gen IV"", ""Gen V"", ""Gen VI"", ""Gen VII"", ""Gen VIII"", ""Gen IX""]",,,
Arbok,https://bulbapedia.bulbagarden.net/wiki/Arbok_(Pok%C3%A9mon),24,,,,,,,,3.5,65.0,2nd,Poison,,"[""Field"", ""Dragon""]","[""Atk""]",Gen I,"[""Gen I"", ""Gen II"", ""Gen III"", ""Gen IV"", ""Gen V"", ""Gen VI"", ""Gen VII"", ""Gen VIII"", ""Gen IX""]",,,
Pikachu,https://bulbapedia.bulbagarden.net/wiki/Pikachu_(Pok%C3%A9mon),25,,,,,,,,0.4,6.0,2nd,Electric,,"[""Field"", ""Fairy""]","[""Speed""]",Gen I,"[""Gen I"", ""Gen II"", ""Gen III"", ""Gen IV"", ""Gen V"", ""Gen VI"", ""Gen VII"", ""Gen VIII"", ""Gen IX""]",,,
Sandshrew,https://bulbapedia.bulbagarden.net/wiki/Sandshrew_(Pok%C3%A9mon),27,,,,,,,,0.6,12.0,1st,Ground,,"[""Field""]","[""Defense""]",Gen I,"[""Gen I"", ""Gen II"", ""Gen III"", ""Gen IV"", ""Gen V"", ""Gen VI"", ""Gen VII"", ""Gen VIII"", ""Gen IX""]",,,
Nidorina,https://bulbapedia.bulbagarden.net/wiki/Nidorina_(Pok%C3%A9mon),30,,,,,,,,0.8,20.0,2nd,Poison,,"[""No Eggs Discovered""]","[""HP""]",Gen I,"[""Gen I"", ""Gen II"", ""Gen III"", ""Gen IV"", ""Gen V"", ""Gen VI"", ""Gen VII"", ""Gen VIII"", ""Gen IX""]",,,
Nidoran♀,https://bulbapedia.bulbagarden.net/wiki/Nidoran%E2%99%80_(Pok%C3%A9mon),29,,55,47,52,40,40,41,0.4,7.0,1st,Poison,,"[""Monster"", ""Field""]","[""HP""]",Gen I,"[""Gen I"", ""Gen II"", ""Gen III"", ""Gen IV"", ""Gen V"", ""Gen VI"", ""Gen VII"", ""Gen VIII"", ""Gen IX""]",,,
Nidoran♂,https://bulbapedia.bulbagarden.net/wiki/Nidoran%E2%99%82_(Pok%C3%A9mon),32,,,,,,,,0.5,9.0,1st,Poison,,"[""Monster"", ""Field""]","[""Attack""]",Gen I,"[""Gen I"", ""Gen II"", ""Gen III"", ""Gen IV"", ""Gen V"", ""Gen VI"", ""Gen VII"", ""Gen VIII"", ""Gen IX""]",,,
Nidoking,https://bulbapedia.bulbagarden.net/wiki/Nidoking_(Pok%C3%A9mon),34,,,,,,,,1.4,62.0,3rd,Poison,Ground,"[""Monster"", ""Field""]","[""Atk""]",Gen I,"[""Gen I"", ""Gen II"", ""Gen III"", ""Gen IV"", ""Gen V"", ""Gen VI"", ""Gen VII"", ""Gen VIII"", ""Gen IX""]",,,
Nidoqueen,https://bulbapedia.bulbagarden.net/wiki/Nidoqueen_(Pok%C3%A9mon),31,,,,,,,,1.3,60.0,3rd,Poison,Ground,"[""No Eggs Discovered""]","[""HP""]",Gen I,"[""Gen I"", ""Gen II"", ""Gen III"", ""Gen IV"", ""Gen V"", ""Gen VI"", ""Gen VII"", ""Gen VIII"", ""Gen IX""]",,,
Clefairy,https://bulbapedia.bulbagarden.net/wiki/Clefairy_(Pok%C3%A9mon),35,,,,,,,,0.6,7.5,2nd,Fairy,,"[""Fairy""]","[""HP""]",Gen I,"[""Gen I"", ""Gen II"", ""Gen III"", ""Gen IV"", ""Gen V"", ""Gen VI"", ""Gen VII"", ""Gen VIII"", ""Gen IX""]",,,
Vulpix,https://bulbapedia.bulbagarden.net/wiki/Vulpix_(Pok%C3%A9mon),37,,,,,,,,0.6,9.9,1st,Fire,,"[""Field""]","[""Speed""]",Gen I,"[""Gen I"", ""Gen II"", ""Gen III"", ""Gen IV"", ""Gen V"", ""Gen VI"", ""Gen VII"", ""Gen VIII"", ""Gen IX""]",,,
Ninetales,https://bulbapedia.bulbagarden.net/wiki/Ninetales_(Pok%C3%A9mon),38,,,,,,,,1.1,19.9,2nd,Fire,,"[""Field""]","[""Sp. Def"", ""Speed""]",Gen I,"[""Gen I"", ""Gen II"", ""Gen III"", ""Gen IV"", ""Gen V"", ""Gen VI"", ""Gen VII"", ""Gen VIII"", ""Gen IX""]",,,
Clefable,https://bulbapedia.bulbagarden.net/wiki/Clefable_(Pok%C3%A9mon),36,,,,,,,,1.3,40.0,2nd,Fairy,,"[""Fairy""]","[""HP""]",Gen I,"[""Gen I"", ""Gen II"", ""Gen III"", ""Gen IV"", ""Gen V"", ""Gen VI"", ""Gen VII"", ""Gen VIII"", ""Gen IX""]",,,
Zubat,https://bulbapedia.bulbagarden.net/wiki/Zubat_(Pok%C3%A9mon),41,,,,,,,,0.8,7.5,1st,Poison,Flying,"[""Flying""]","[""Speed""]",Gen I,"[""Gen I"", ""Gen II"", ""Gen III"", ""Gen IV"", ""Gen V"", ""Gen VI"", ""Gen VII"", ""Gen VIII"", ""Gen IX""]",,,
Jigglypuff,https://bulbapedia.bulbagarden.net/wiki/Jigglypuff_(Pok%C3%A9mon),39,,115,45,20,45,25,20,0.5,5.5,2nd,Normal,Fairy,"[""Fairy""]","[""HP""]",Gen I,"[""Gen I"", ""Gen II"", ""Gen III"", ""Gen IV"", ""Gen V"", ""Gen VI"", ""Gen VII"", ""Gen VIII"", ""Gen IX""]",,,
Oddish,https://bulbapedia.bulbagarden.net/wiki/Oddish_(Pok%C3%A9mon),43,,,,,,,,0.5,5.4,1st,Grass,Poison,"[""Grass""]","[""Sp. Atk""]",Gen I,"[""Gen I"", ""Gen II"", ""Gen III"", ""Gen IV"", ""Gen V"", ""Gen VI"", ""Gen VII"", ""Gen VIII"", ""Gen IX""]",,,
Gloom,https://bulbapedia.bulbagarden.net/wiki/Gloom_(Pok%C3%A9mon),44,,,,,,,,0.8,8.6,2nd,Grass,Poison,"[""Grass""]","[""Sp. Atk""]",Gen I,"[""Gen I"", ""Gen II"", ""Gen III"", ""Gen IV"", ""Gen V"", ""Gen VI"", ""Gen VII"", ""Gen VIII"", ""Gen IX""]",,,
Golbat,https://bulbapedia.bulbagarden.net/wiki/Golbat_(Pok%C3%A9mon),42,,75,80,70,65,75,90,1.6,55.0,2nd,Poison,Flying,"[""Flying""]","[""Speed""]",Gen I,"[""Gen I"", ""Gen II"", ""Gen III"", ""Gen IV"", ""Gen V"", ""Gen VI"", ""Gen VII"", ""Gen VIII"", ""Gen IX""]",,,
Nidorino,https://bulbapedia.bulbagarden.net/wiki/Nidorino_(Pok%C3%A9mon),33,,,,,,,,0.9,19.5,2nd,Poison,,"[""Monster"", ""Field""]","[""Attack""]",Gen I,"[""Gen I"", ""Gen II"", ""Gen III"", ""Gen IV"", ""Gen V"", ""Gen VI"", ""Gen VII"", ""Gen VIII"", ""Gen IX""]",,,
Venonat,https://bulbapedia.bulbagarden.net/wiki/Venonat_(Pok%C3%A9mon),48,,,,,,,,1.0,30.0,1st,Bug,Poison,"[""Bug""]","[""Sp. Def""]",Gen I,"[""Gen I"", ""Gen II"", ""Gen III"", ""Gen IV"", ""Gen V"", ""Gen VI"", ""Gen VII"", ""Gen VIII"", ""Gen IX""]",,,
Raichu,https://bulbapedia.bulbagarden.net/wiki/Raichu_(Pok%C3%A9mon),26,,60,90,55,90,80,110,0.8,30.0,3rd,Electric,,"[""Field"", ""Fairy""]","[""Speed""]",Gen I,"[""Gen I"", ""Gen II"", ""Gen III"", ""Gen IV"", ""Gen V"", ""Gen VI"", ""Gen VII"", ""Gen VIII"", ""Gen IX""]",,,
Venomoth,https://bulbapedia.bulbagarden.net/wiki/Venomoth_(Pok%C3%A9mon),49,,,,,,,,1.5,12.5,2nd,Bug,Poison,"[""Bug""]","[""Sp. Atk"", ""Speed""]",Gen I,"[""Gen I"", ""Gen II"", ""Gen III"", ""Gen IV"", ""Gen V"", ""Gen VI"", ""Gen VII"", ""Gen VIII"", ""Gen IX""]",,,
Vileplume,https://bulbapedia.bulbagarden.net/wiki/Vileplume_(Pok%C3%A9mon),45,,,,,,,,1.2,18.6,3rd,Grass,Poison,"[""Grass""]","[""Sp. Atk""]",Gen I,"[""Gen I"", ""Gen II"", ""Gen III"", ""Gen IV"", ""Gen V"", ""Gen VI"", ""Gen VII"", ""Gen VIII"", ""Gen IX""]",,,
Diglett,https://bulbapedia.bulbagarden.net/wiki/Diglett_(Pok%C3%A9mon),50,,10,55,25,35,45,95,0.2,0.8,1st,Ground,,"[""Field""]","[""Speed""]",Gen I,"[""Gen I"", ""Gen II"", ""Gen III"", ""Gen IV"", ""Gen V"", ""Gen VI"", ""Gen VII"", ""Gen VIII"", ""Gen IX""]",,,
Dugtrio,https://bulbapedia.bulbagarden.net/wiki/Dugtrio_(Pok%C3%A9mon),51,,,,,,,,0.7,33.3,2nd,Ground,,"[""Field""]","[""Speed""]",Gen I,"[""Gen I"", ""Gen II"", ""Gen III"", ""Gen IV"", ""Gen V"", ""Gen VI"", ""Gen VII"", ""Gen VIII"", ""Gen IX""]",,,
Wigglytuff,https://bulbapedia.bulbagarden.net/wiki/Wigglytuff_(Pok%C3%A9mon),40,,,,,,,,1.0,12.0,3rd,Normal,Fairy,"[""Fairy""]","[""HP""]",Gen I,"[""Gen I"", ""Gen II"", ""Gen III"", ""Gen IV"", ""Gen V"", ""Gen VI"", ""Gen VII"", ""Gen VIII"", ""Gen IX""]",,,
Parasect,https://bulbapedia.bulbagarden.net/wiki/Parasect_(Pok%C3%A9mon),47,,,,,,,,1.0,29.5,2nd,Bug,Grass,"[""Bug"", ""Grass""]","[""Attack"", ""Defense""]",Gen I,"[""Gen I"", ""Gen II"", ""Gen III"", ""Gen IV"", ""Gen V"", ""Gen VI"", ""Gen VII"", ""Gen VIII"", ""Gen IX""]",,,
Golduck,https://bulbapedia.bulbagarden.net/wiki/Golduck_(Pok%C3%A9mon),55,,,,,,,,1.7,76.6,2nd,Water,,"[""Water 1"", ""Field""]","[""Sp. Atk""]",Gen I,"[""Gen I"", ""Gen II"", ""Gen III"", ""Gen IV"", ""Gen V"", ""Gen VI"", ""Gen VII"", ""Gen VIII"", ""Gen IX""]",,,
Mankey,https://bulbapedia.bulbagarden.net/wiki/Mankey_(Pok%C3%A9mon),56,,,,,,,,0.5,28.0,1st,Fighting,,"[""Field""]","[""Attack""]",Gen I,"[""Gen I"", ""Gen II"", ""Gen III"", ""Gen IV"", ""Gen V"", ""Gen VI"", ""Gen VII"", ""Gen VIII"", ""Gen IX""]",,,
Primeape,https://bulbapedia.bulbagarden.net/wiki/Primeape_(Pok%C3%A9mon),57,,,,,,,,1.0,32.0,2nd,Fighting,,"[""Field""]","[""Atk""]",Gen I,"[""Gen I"", ""Gen II"", ""Gen III"", ""Gen IV"", ""Gen V"", ""Gen VI"", ""Gen VII"", ""Gen VIII"", ""Gen IX""]",,,
Persian,https://bulbapedia.bulbagarden.net/wiki/Persian_(Pok%C3%A9mon),53,,,,,,,,1.0,32.0,2nd,Normal,,"[""Field""]","[""Speed""]",Gen I,"[""Gen I"", ""Gen II"", ""Gen III"", ""Gen IV"", ""Gen V"", ""Gen VI"", ""Gen VII"", ""Gen VIII"", ""Gen IX""]",,,
Poliwag,https://bulbapedia.bulbagarden.net/wiki/Poliwag_(Pok%C3%A9mon),60,,,,,,,,0.6,12.4,1st,Water,,"[""Water 1""]","[""Speed""]",Gen I,"[""Gen I"", ""Gen II"", ""Gen III"", ""Gen IV"", ""Gen V"", ""Gen VI"", ""Gen VII"", ""Gen VIII"", ""Gen IX""]",,,
Poliwhirl,https://bulbapedia.bulbagarden.net/wiki/Poliwhirl_(Pok%C3%A9mon),61,,,,,,,,1.0,20.0,2nd,Water,,"[""Water 1""]","[""Speed""]",Gen I,"[""Gen I"", ""Gen II"", ""Gen III"", ""Gen IV"", ""Gen V"", ""Gen VI"", ""Gen VII"", ""Gen VIII"", ""Gen IX""]",,,
Poliwrath,https://bulbapedia.bulbagarden.net/wiki/Poliwrath_(Pok%C3%A9mon),62,,,,,,,,1.3,54.0,3rd,Water,Fighting,"[""Water 1""]","[""Defense""]",Gen I,"[""Gen I"", ""Gen II"", ""Gen III"", ""Gen IV"", ""Gen V"", ""Gen VI"", ""Gen VII"", ""Gen VIII"", ""Gen IX""]",,,
Abra,https://bulbapedia.bulbagarden.net/wiki/Abra_(Pok%C3%A9mon),63,,25,20,15,105,55,90,0.9,19.5,1st,Psychic,,"[""Human-Like""]","[""Sp. Atk""]",Gen I,"[""Gen I"", ""Gen II"", ""Gen III"", ""Gen IV"", ""Gen V"", ""Gen VI"", ""Gen VII"", ""Gen VIII"", ""Gen IX""]",,,
Arcanine,https://bulbapedia.bulbagarden.net/wiki/Arcanine_(Pok%C3%A9mon),59,,90,110,80,100,80,95,1.9,155.0,2nd,Fire,,"[""Field""]","[""Attack""]",Gen I,"[""Gen I"", ""Gen II"", ""Gen III"", ""Gen IV"", ""Gen V"", ""Gen VI"", ""Gen VII"", ""Gen VIII"", ""Gen IX""]",,,
Alakazam,https://bulbapedia.bulbagarden.net/wiki/Alakazam_(Pok%C3%A9mon),65,,,,,,,,1.5,48.0,3rd,Psychic,,"[""Human-Like""]","[""Sp. Atk""]",Gen I,"[""Gen I"", ""Gen II"", ""Gen III"", ""Gen IV"", ""Gen V"", ""Gen VI"", ""Gen VII"", ""Gen VIII"", ""Gen IX""]",,,
Machoke,https://bulbapedia.bulbagarden.net/wiki/Machoke_(Pok%C3%A9mon),67,,,,,,,,1.5,70.5,2nd,Fighting,,"[""Human-Like""]","[""Atk""]",Gen I,"[""Gen I"", ""Gen II"", ""Gen III"", ""Gen IV"", ""Gen V"", ""Gen VI"", ""Gen VII"", ""Gen VIII"", ""Gen IX""]",,,
Tentacruel,https://bulbapedia.bulbagarden.net/wiki/Tentacruel_(Pok%C3%A9mon),73,,80,70,65,80,120,100,1.6,55.0,2nd,Water,Poison,"[""Water 3""]","[""Sp. Def""]",Gen I,"[""Gen I"", ""Gen II"", ""Gen III"", ""Gen IV"", ""Gen V"", ""Gen VI"", ""Gen VII"", ""Gen VIII"", ""Gen IX""]",,,
Ponyta,https://bulbapedia.bulbagarden.net/wiki/Ponyta_(Pok%C3%A9mon),77,,50,85,55,65,65,90,1.0,30.0,1st,Fire,,"[""Field""]","[""Speed""]",Gen I,"[""Gen I"", ""Gen II"", ""Gen III"", ""Gen IV"", ""Gen V"", ""Gen VI"", ""Gen VII"", ""Gen VIII"", ""Gen IX""]",,,
Kadabra,https://bulbapedia.bulbagarden.net/wiki/Kadabra_(Pok%C3%A9mon),64,,40,35,30,120,70,105,1.3,56.5,2nd,Psychic,,"[""Human-Like""]","[""Sp. Atk""]",Gen I,"[""Gen I"", ""Gen II"", ""Gen III"", ""Gen IV"", ""Gen V"", ""Gen VI"", ""Gen VII"", ""Gen VIII"", ""Gen IX""]",,,
Psyduck,https://bulbapedia.bulbagarden.net/wiki/Psyduck_(Pok%C3%A9mon),54,,,,,,,,0.8,19.6,1st,Water,,"[""Water 1"", ""Field""]","[""Sp. Atk""]",Gen I,"[""Gen I"", ""Gen II"", ""Gen III"", ""Gen IV"", ""Gen V"", ""Gen VI"", ""Gen VII"", ""Gen VIII"", ""Gen IX""]",,,
Meowth,https://bulbapedia.bulbagarden.net/wiki/Meowth_(Pok%C3%A9mon),52,,,,,,,,0.4,4.2,1st,Normal,,"[""Field""]","[""Speed""]",Gen I,"[""Gen I"", ""Gen II"", ""Gen III"", ""Gen IV"", ""Gen V"", ""Gen VI"", ""Gen VII"", ""Gen VIII"", ""Gen IX""]",,,
Tentacool,https://bulbapedia.bulbagarden.net/wiki/Tentacool_(Pok%C3%A9mon),72,,,,,,,,0.9,45.5,1st,Water,Poison,"[""Water 3""]","[""Sp. Def""]",Gen I,"[""Gen I"", ""Gen II"", ""Gen III"", ""Gen IV"", ""Gen V"", ""Gen VI"", ""Gen VII"", ""Gen VIII"", ""Gen IX""]",,,
Sandslash,https://bulbapedia.bulbagarden.net/wiki/Sandslash_(Pok%C3%A9mon),28,,,,,,,,1.0,29.5,2nd,Ground,,"[""Field""]","[""Def""]",Gen I,"[""Gen I"", ""Gen II"", ""Gen III"", ""Gen IV"", ""Gen V"", ""Gen VI"", ""Gen VII"", ""Gen VIII"", ""Gen IX""]",,,
Paras,https://bulbapedia.bulbagarden.net/wiki/Paras_(Pok%C3%A9mon),46,,35,70,55,45,55,25,0.3,5.4,1st,Bug,Grass,"[""Bug"", ""Grass""]","[""Attack""]",Gen I,"[""Gen I"", ""Gen II"", ""Gen III"", ""Gen IV"", ""Gen V"", ""Gen VI"", ""Gen VII"", ""Gen VIII"", ""Gen IX""]",,,
Victreebel,https://bulbapedia.bulbagarden.net/wiki/Victreebel_(Pok%C3%A9mon),71,,,,,,,,1.7,15.5,3rd,Grass,Poison,"[""Grass""]","[""Attack""]",Gen I,"[""Gen I"", ""Gen II"", ""Gen III"", ""Gen IV"", ""Gen V"", ""Gen VI"", ""Gen VII"", ""Gen VIII"", ""Gen IX""]",,,
Rapidash,https://bulbapedia.bulbagarden.net/wiki/Rapidash_(Pok%C3%A9mon),78,,,,,,,,1.7,95.0,2nd,Fire,,"[""Field""]","[""Speed""]",Gen I,"[""Gen I"", ""Gen II"", ""Gen III"", ""Gen IV"", ""Gen V"", ""Gen VI"", ""Gen VII"", ""Gen VIII"", ""Gen IX""]",,,
Machamp,https://bulbapedia.bulbagarden.net/wiki/Machamp_(Pok%C3%A9mon),68,,,,,,,,1.6,130.0,3rd,Fighting,,"[""Human-Like""]","[""Attack""]",Gen I,"[""Gen I"", ""Gen II"", ""Gen III"", ""Gen IV"", ""Gen V"", ""Gen VI"", ""Gen VII"", ""Gen VIII"", ""Gen IX""]",,,
Golem,https://bulbapedia.bulbagarden.net/wiki/Golem_(Pok%C3%A9mon),76,,,,,,,,1.4,300.0,3rd,Rock,Ground,"[""Mineral""]","[""Def""]",Gen I,"[""Gen I"", ""Gen II"", ""Gen III"", ""Gen IV"", ""Gen V"", ""Gen VI"", ""Gen VII"", ""Gen VIII"", ""Gen IX""]",,,
Machop,https://bulbapedia.bulbagarden.net/wiki/Machop_(Pok%C3%A9mon),66,,,,,,,,0.8,19.5,1st,Fighting,,"[""Human-Like""]","[""Attack""]",Gen I,"[""Gen I"", ""Gen II"", ""Gen III"", ""Gen IV"", ""Gen V"", ""Gen VI"", ""Gen VII"", ""Gen VIII"", ""Gen IX""]",,,
Magnemite,https://bulbapedia.bulbagarden.net/wiki/Magnemite_(Pok%C3%A9mon),81,,,,,,,,0.3,6.0,1st,Electric,Steel,"[""Mineral""]","[""Sp. Atk""]",Gen I,"[""Gen I"", ""Gen II"", ""Gen III"", ""Gen IV"", ""Gen V"", ""Gen VI"", ""Gen VII"", ""Gen VIII"", ""Gen IX""]",,,
Magneton,https://bulbapedia.bulbagarden.net/wiki/Magneton_(Pok%C3%A9mon),82,,,,,,,,1.0,60.0,2nd,Electric,Steel,"[""Mineral""]","[""Sp. Atk""]",Gen I,"[""Gen I"", ""Gen II"", ""Gen III"", ""Gen IV"", ""Gen V"", ""Gen VI"", ""Gen VII"", ""Gen VIII"", ""Gen IX""]",,,
Bellsprout,https://bulbapedia.bulbagarden.net/wiki/Bellsprout_(Pok%C3%A9mon),69,,50,75,35,70,30,40,0.7,4.0,1st,Grass,Poison,"[""Grass""]","[""Attack""]",Gen I,"[""Gen I"", ""Gen II"", ""Gen III"", ""Gen IV"", ""Gen V"", ""Gen VI"", ""Gen VII"", ""Gen VIII"", ""Gen IX""]",,,
Slowpoke,https://bulbapedia.bulbagarden.net/wiki/Slowpoke_(Pok%C3%A9mon),79,,,,,,,,1.2,36.0,1st,Water,Psychic,"[""Monster"", ""Water 1""]","[""HP""]",Gen I,"[""Gen I"", ""Gen II"", ""Gen III"", ""Gen IV"", ""Gen V"", ""Gen VI"", ""Gen VII"", ""Gen VIII"", ""Gen IX""]",,,
Dewgong,https://bulbapedia.bulbagarden.net/wiki/Dewgong_(Pok%C3%A9mon),87,,,,,,,,1.7,120.0,2nd,Water,Ice,"[""Water 1"", ""Field""]","[""Sp. Def""]",Gen I,"[""Gen I"", ""Gen II"", ""Gen III"", ""Gen IV"", ""Gen V"", ""Gen VI"", ""Gen VII"", ""Gen VIII"", ""Gen IX""]",,,
Graveler,https://bulbapedia.bulbagarden.net/wiki/Graveler_(Pok%C3%A9mon),75,,,,,,,,1.0,105.0,2nd,Rock,Ground,"[""Mineral""]","[""Def""]",Gen I,"[""Gen I"", ""Gen II"", ""Gen III"", ""Gen IV"", ""Gen V"", ""Gen VI"", ""Gen VII"", ""Gen VIII"", ""Gen IX""]",,,
Slowbro,https://bulbapedia.bulbagarden.net/wiki/Slowbro_(Pok%C3%A9mon),80,,,,,,,,1.6,78.5,2nd,Water,Psychic,"[""Monster"", ""Water 1""]","[""Def""]",Gen I,"[""Gen I"", ""Gen II"", ""Gen III"", ""Gen IV"", ""Gen V"", ""Gen VI"", ""Gen VII"", ""Gen VIII"", ""Gen IX""]",,,
Weepinbell,https://bulbapedia.bulbagarden.net/wiki/Weepinbell_(Pok%C3%A9mon),70,,,,,,,,1.0,6.4,2nd,Grass,Poison,"[""Grass""]","[""Attack""]",Gen I,"[""Gen I"", ""Gen II"", ""Gen III"", ""Gen IV"", ""Gen V"", ""Gen VI"", ""Gen VII"", ""Gen VIII"", ""Gen IX""]",,,
Cloyster,https://bulbapedia.bulbagarden.net/wiki/Cloyster_(Pok%C3%A9mon),91,,50,95,180,85,45,70,1.5,132.5,2nd,Water,Ice,"[""Water 3""]","[""Defense""]",Gen I,"[""Gen I"", ""Gen II"", ""Gen III"", ""Gen IV"", ""Gen V"", ""Gen VI"", ""Gen VII"", ""Gen VIII"", ""Gen IX""]",,,
Gastly,https://bulbapedia.bulbagarden.net/wiki/Gastly_(Pok%C3%A9mon),92,,,,,,,,1.3,0.1,1st,Ghost,Poison,"[""Amorphous""]","[""Sp. Atk""]",Gen I,"[""Gen I"", ""Gen II"", ""Gen III"", ""Gen IV"", ""Gen V"", ""Gen VI"", ""Gen VII"", ""Gen VIII"", ""Gen IX""]",,,
Seel,https://bulbapedia.bulbagarden.net/wiki/Seel_(Pok%C3%A9mon),86,,,,,,,,1.1,90.0,1st,Water,,"[""Water 1"", ""Field""]","[""Sp. Def""]",Gen I,"[""Gen I"", ""Gen II"", ""Gen III"", ""Gen IV"", ""Gen V"", ""Gen VI"", ""Gen VII"", ""Gen VIII"", ""Gen IX""]",,,
Haunter,https://bulbapedia.bulbagarden.net/wiki/Haunter_(Pok%C3%A9mon),93,,,,,,,,1.6,0.1,2nd,Ghost,Poison,"[""Amorphous""]","[""Sp. Atk""]",Gen I,"[""Gen I"", ""Gen II"", ""Gen III"", ""Gen IV"", ""Gen V"", ""Gen VI"", ""Gen VII"", ""Gen VIII"", ""Gen IX""]",,,
Doduo,https://bulbapedia.bulbagarden.net/wiki/Doduo_(Pok%C3%A9mon),84,,,,,,,,1.4,39.2,1st,Normal,Flying,"[""Flying""]","[""Attack""]",Gen I,"[""Gen I"", ""Gen II"", ""Gen III"", ""Gen IV"", ""Gen V"", ""Gen VI"", ""Gen VII"", ""Gen VIII"", ""Gen IX""]",,,
Shellder,https://bulbapedia.bulbagarden.net/wiki/Shellder_(Pok%C3%A9mon),90,,,,,,,,0.3,4.0,1st,Water,,"[""Water 3""]","[""Def""]",Gen I,"[""Gen I"", ""Gen II"", ""Gen III"", ""Gen IV"", ""Gen V"", ""Gen VI"", ""Gen VII"", ""Gen VIII"", ""Gen IX""]",,,
Hypno,https://bulbapedia.bulbagarden.net/wiki/Hypno_(Pok%C3%A9mon),97,,,,,,,,1.6,75.6,2nd,Psychic,,"[""Human-Like""]","[""Sp. Def""]",Gen I,"[""Gen I"", ""Gen II"", ""Gen III"", ""Gen IV"", ""Gen V"", ""Gen VI"", ""Gen VII"", ""Gen VIII"", ""Gen IX""]",,,
Gengar,https://bulbapedia.bulbagarden.net/wiki/Gengar_(Pok%C3%A9mon),94,,,,,,,,1.5,40.5,3rd,Ghost,Poison,"[""Amorphous""]","[""Sp. Atk""]",Gen I,"[""Gen I"", ""Gen II"", ""Gen III"", ""Gen IV"", ""Gen V"", ""Gen VI"", ""Gen VII"", ""Gen VIII"", ""Gen IX""]",,,
Electrode,https://bulbapedia.bulbagarden.net/wiki/Electrode_(Pok%C3%A9mon),101,,,,,,,,1.2,66.6,2nd,Electric,,"[""Mineral""]","[""Speed""]",Gen I,"[""Gen I"", ""Gen II"", ""Gen III"", ""Gen IV"", ""Gen V"", ""Gen VI"", ""Gen VII"", ""Gen VIII"", ""Gen IX""]",,,
Kingler,https://bulbapedia.bulbagarden.net/wiki/Kingler_(Pok%C3%A9mon),99,,,,,,,,1.3,60.0,2nd,Water,,"[""Water 3""]","[""Attack""]",Gen I,"[""Gen I"", ""Gen II"", ""Gen III"", ""Gen IV"", ""Gen V"", ""Gen VI"", ""Gen VII"", ""Gen VIII"", ""Gen IX""]",,,
Grimer,https://bulbapedia.bulbagarden.net/wiki/Grimer_(Pok%C3%A9mon),88,,,,,,,,0.9,30.0,1st,Poison,,"[""Amorphous""]","[""HP""]",Gen I,"[""Gen I"", ""Gen II"", ""Gen III"", ""Gen IV"", ""Gen V"", ""Gen VI"", ""Gen VII"", ""Gen VIII"", ""Gen IX""]",,,
Dodrio,https://bulbapedia.bulbagarden.net/wiki/Dodrio_(Pok%C3%A9mon),85,,,,,,,,1.8,85.2,2nd,Normal,Flying,"[""Flying""]","[""Attack""]",Gen I,"[""Gen I"", ""Gen II"", ""Gen III"", ""Gen IV"", ""Gen V"", ""Gen VI"", ""Gen VII"", ""Gen VIII"", ""Gen IX""]",,,
Growlithe,https://bulbapedia.bulbagarden.net/wiki/Growlithe_(Pok%C3%A9mon),58,,55,70,45,70,50,60,0.7,19.0,1st,Fire,,"[""Field""]","[""Atk""]",Gen I,"[""Gen I"", ""Gen II"", ""Gen III"", ""Gen IV"", ""Gen V"", ""Gen VI"", ""Gen VII"", ""Gen VIII"", ""Gen IX""]",,,
Geodude,https://bulbapedia.bulbagarden.net/wiki/Geodude_(Pok%C3%A9mon),74,,40,80,100,30,30,20,0.4,20.0,1st,Rock,Ground,"[""Mineral""]","[""Defense""]",Gen I,"[""Gen I"", ""Gen II"", ""Gen III"", ""Gen IV"", ""Gen V"", ""Gen VI"", ""Gen VII"", ""Gen VIII"", ""Gen IX""]",,,
Drowzee,https://bulbapedia.bulbagarden.net/wiki/Drowzee_(Pok%C3%A9mon),96,,,,,,,,1.0,32.4,1st,Psychic,,"[""Human-Like""]","[""Sp. Def""]",Gen I,"[""Gen I"", ""Gen II"", ""Gen III"", ""Gen IV"", ""Gen V"", ""Gen VI"", ""Gen VII"", ""Gen VIII"", ""Gen IX""]",,,
Muk,https://bulbapedia.bulbagarden.net/wiki/Muk_(Pok%C3%A9mon),89,,,,,,,,1.2,30.0,2nd,Poison,,"[""Amorphous""]","[""HP"", ""Atk""]",Gen I,"[""Gen I"", ""Gen II"", ""Gen III"", ""Gen IV"", ""Gen V"", ""Gen VI"", ""Gen VII"", ""Gen VIII"", ""Gen IX""]",,,
Onix,https://bulbapedia.bulbagarden.net/wiki/Onix_(Pok%C3%A9mon),95,,,,,,,,8.8,210.0,1st,Rock,Ground,"[""Mineral""]","[""Def""]",Gen I,"[""Gen I"", ""Gen II"", ""Gen III"", ""Gen IV"", ""Gen V"", ""Gen VI"", ""Gen VII"", ""Gen VIII"", ""Gen IX""]",,,
Voltorb,https://bulbapedia.bulbagarden.net/wiki/Voltorb_(Pok%C3%A9mon),100,,,,,,,,0.5,10.4,1st,Electric,,"[""Mineral""]","[""Speed""]",Gen I,"[""Gen I"", ""Gen II"", ""Gen III"", ""Gen IV"", ""Gen V"", ""Gen VI"", ""Gen VII"", ""Gen VIII"", ""Gen IX""]",,,
Exeggutor,https://bulbapedia.bulbagarden.net/wiki/Exeggutor_(Pok%C3%A9mon),103,,95,95,85,125,65,55,2.0,120.0,2nd,Grass,Psychic,"[""Grass""]","[""Sp. Atk""]",Gen I,"[""Gen I"", ""Gen II"", ""Gen III"", ""Gen IV"", ""Gen V"", ""Gen VI"", ""Gen VII"", ""Gen VIII"", ""Gen IX""]",,,
Cubone,https://bulbapedia.bulbagarden.net/wiki/Cubone_(Pok%C3%A9mon),104,,,,,,,,0.4,6.5,1st,Ground,,"[""Monster""]","[""Def""]",Gen I,"[""Gen I"", ""Gen II"", ""Gen III"", ""Gen IV"", ""Gen V"", ""Gen VI"", ""Gen VII"", ""Gen VIII"", ""Gen IX""]",,,
Hitmonlee,https://bulbapedia.bulbagarden.net/wiki/Hitmonlee_(Pok%C3%A9mon),106,,,,,,,,1.5,49.8,2nd,Fighting,,"[""Human-Like""]","[""Atk""]",Gen I,"[""Gen I"", ""Gen II"", ""Gen III"", ""Gen IV"", ""Gen V"", ""Gen VI"", ""Gen VII"", ""Gen VIII"", ""Gen IX""]",,,
Marowak,https://bulbapedia.bulbagarden.net/wiki/Marowak_(Pok%C3%A9mon),105,,,,,,,,1.0,45.0,2nd,Ground,,"[""Monster""]","[""Defense""]",Gen I,"[""Gen I"", ""Gen II"", ""Gen III"", ""Gen IV"", ""Gen V"", ""Gen VI"", ""Gen VII"", ""Gen VIII"", ""Gen IX""]",,,
Lickitung,https://bulbapedia.bulbagarden.net/wiki/Lickitung_(Pok%C3%A9mon),108,,,,,,,,1.2,65.5,1st,Normal,,"[""Monster""]","[""HP""]",Gen I,"[""Gen I"", ""Gen II"", ""Gen III"", ""Gen IV"", ""Gen V"", ""Gen VI"", ""Gen VII"", ""Gen VIII"", ""Gen IX""]",,,
Exeggcute,https://bulbapedia.bulbagarden.net/wiki/Exeggcute_(Pok%C3%A9mon),102,,60,40,80,60,45,40,0.4,2.5,1st,Grass,Psychic,"[""Grass""]","[""Defense""]",Gen I,"[""Gen I"", ""Gen II"", ""Gen III"", ""Gen IV"", ""Gen V"", ""Gen VI"", ""Gen VII"", ""Gen VIII"", ""Gen IX""]",,,
Koffing,https://bulbapedia.bulbagarden.net/wiki/Koffing_(Pok%C3%A9mon),109,,,,,,,,0.6,1.0,1st,Poison,,"[""Amorphous""]","[""Defense""]",Gen I,"[""Gen I"", ""Gen II"", ""Gen III"", ""Gen IV"", ""Gen V"", ""Gen VI"", ""Gen VII"", ""Gen VIII"", ""Gen IX""]",,,
Krabby,https://bulbapedia.bulbagarden.net/wiki/Krabby_(Pok%C3%A9mon),98,,,,,,,,0.4,6.5,1st,Water,,"[""Water 3""]","[""Attack""]",Gen I,"[""Gen I"", ""Gen II"", ""Gen III"", ""Gen IV"", ""Gen V"", ""Gen VI"", ""Gen VII"", ""Gen VIII"", ""Gen IX""]",,,
Rhydon,https://bulbapedia.bulbagarden.net/wiki/Rhydon_(Pok%C3%A9mon),112,,,,,,,,1.9,120.0,2nd,Ground,Rock,"[""Monster"", ""Field""]","[""Attack""]",Gen I,"[""Gen I"", ""Gen II"", ""Gen III"", ""Gen IV"", ""Gen V"", ""Gen VI"", ""Gen VII"", ""Gen VIII"", ""Gen IX""]",,,
Rhyhorn,https://bulbapedia.bulbagarden.net/wiki/Rhyhorn_(Pok%C3%A9mon),111,,80,85,95,30,30,25,1.0,115.0,1st,Ground,Rock,"[""Monster"", ""Field""]","[""Defense""]",Gen I,"[""Gen I"", ""Gen II"", ""Gen III"", ""Gen IV"", ""Gen V"", ""Gen VI"", ""Gen VII"", ""Gen VIII"", ""Gen IX""]",,,
Chansey,https://bulbapedia.bulbagarden.net/wiki/Chansey_(Pok%C3%A9mon),113,,250,5,5,35,105,50,1.1,34.6,2nd,Normal,,"[""Fairy""]","[""HP""]",Gen I,"[""Gen I"", ""Gen II"", ""Gen III"", ""Gen IV"", ""Gen V"", ""Gen VI"", ""Gen VII"", ""Gen VIII"", ""Gen IX""]",,,
Tangela,https://bulbapedia.bulbagarden.net/wiki/Tangela_(Pok%C3%A9mon),114,,,,,,,,1.0,35.0,1st,Grass,,"[""Grass""]","[""Defense""]",Gen I,"[""Gen I"", ""Gen II"", ""Gen III"", ""Gen IV"", ""Gen V"", ""Gen VI"", ""Gen VII"", ""Gen VIII"", ""Gen IX""]",,,
Horsea,https://bulbapedia.bulbagarden.net/wiki/Horsea_(Pok%C3%A9mon),116,,,,,,,,0.4,8.0,1st,Water,,"[""Water 1"", ""Dragon""]","[""Sp. Atk""]",Gen I,"[""Gen I"", ""Gen II"", ""Gen III"", ""Gen IV"", ""Gen V"", ""Gen VI"", ""Gen VII"", ""Gen VIII"", ""Gen IX""]",,,
Goldeen,https://bulbapedia.bulbagarden.net/wiki/Goldeen_(Pok%C3%A9mon),118,,,,,,,,0.6,15.0,1st,Water,,"[""Water 2""]","[""Atk""]",Gen I,"[""Gen I"", ""Gen II"", ""Gen III"", ""Gen IV"", ""Gen V"", ""Gen VI"", ""Gen VII"", ""Gen VIII"", ""Gen IX""]",,,
Kangaskhan,https://bulbapedia.bulbagarden.net/wiki/Kangaskhan_(Pok%C3%A9mon),115,,,,,,,,2.2,80.0,1st,Normal,,"[""Monster""]","[""HP""]",Gen I,"[""Gen I"", ""Gen II"", ""Gen III"", ""Gen IV"", ""Gen V"", ""Gen VI"", ""Gen VII"", ""Gen VIII"", ""Gen IX""]",,,
Staryu,https://bulbapedia.bulbagarden.net/wiki/Staryu_(Pok%C3%A9mon),120,,,,,,,,0.8,34.5,1st,Water,,"[""Water 3""]","[""Speed""]",Gen I,"[""Gen I"", ""Gen II"", ""Gen III"", ""Gen IV"", ""Gen V"", ""Gen VI"", ""Gen VII"", ""Gen VIII"", ""Gen IX""]",,,
Starmie,https://bulbapedia.bulbagarden.net/wiki/Starmie_(Pok%C3%A9mon),121,,,,,,,,1.1,80.0,2nd,Water,Psychic,"[""Water 3""]","[""Speed""]",Gen I,"[""Gen I"", ""Gen II"", ""Gen III"", ""Gen IV"", ""Gen V"", ""Gen VI"", ""Gen VII"", ""Gen VIII"", ""Gen IX""]",,,
Seadra,https://bulbapedia.bulbagarden.net/wiki/Seadra_(Pok%C3%A9mon),117,,,,,,,,1.2,25.0,2nd,Water,,"[""Water 1"", ""Dragon""]","[""Defense"", ""Sp. Atk""]",Gen I,"[""Gen I"", ""Gen II"", ""Gen III"", ""Gen IV"", ""Gen V"", ""Gen VI"", ""Gen VII"", ""Gen VIII"", ""Gen IX""]",,,
Seaking,https://bulbapedia.bulbagarden.net/wiki/Seaking_(Pok%C3%A9mon),119,,,,,,,,1.3,39.0,2nd,Water,,"[""Water 2""]","[""Atk""]",Gen I,"[""Gen I"", ""Gen II"", ""Gen III"", ""Gen IV"", ""Gen V"", ""Gen VI"", ""Gen VII"", ""Gen VIII"", ""Gen IX""]",,,
Electabuzz,https://bulbapedia.bulbagarden.net/wiki/Electabuzz_(Pok%C3%A9mon),125,,,,,,,,1.1,30.0,2nd,Electric,,"[""Human-Like""]","[""Speed""]",Gen I,"[""Gen I"", ""Gen II"", ""Gen III"", ""Gen IV"", ""Gen V"", ""Gen VI"", ""Gen VII"", ""Gen VIII"", ""Gen IX""]",,,
Magmar,https://bulbapedia.bulbagarden.net/wiki/Magmar_(Pok%C3%A9mon),126,,,,,,,,1.3,44.5,2nd,Fire,,"[""Human-Like""]","[""Sp. Atk""]",Gen I,"[""Gen I"", ""Gen II"", ""Gen III"", ""Gen IV"", ""Gen V"", ""Gen VI"", ""Gen VII"", ""Gen VIII"", ""Gen IX""]",,,
Pinsir,https://bulbapedia.bulbagarden.net/wiki/Pinsir_(Pok%C3%A9mon),127,,,,,,,,1.5,55.0,1st,Bug,,"[""Bug""]","[""Atk""]",Gen I,"[""Gen I"", ""Gen II"", ""Gen III"", ""Gen IV"", ""Gen V"", ""Gen VI"", ""Gen VII"", ""Gen VIII"", ""Gen IX""]",,,
Jynx,https://bulbapedia.bulbagarden.net/wiki/Jynx_(Pok%C3%A9mon),124,,,,,,,,1.4,40.6,2nd,Ice,Psychic,"[""Human-Like""]","[""Sp. Atk""]",Gen I,"[""Gen I"", ""Gen II"", ""Gen III"", ""Gen IV"", ""Gen V"", ""Gen VI"", ""Gen VII"", ""Gen VIII"", ""Gen IX""]",,,
Magikarp,https://bulbapedia.bulbagarden.net/wiki/Magikarp_(Pok%C3%A9mon),129,,,,,,,,0.9,10.0,1st,Water,,"[""Water 2"", ""Dragon""]","[""Speed""]",Gen I,"[""Gen I"", ""Gen II"", ""Gen III"", ""Gen IV"", ""Gen V"", ""Gen VI"", ""Gen VII"", ""Gen VIII"", ""Gen IX""]",,,
Lapras,https://bulbapedia.bulbagarden.net/wiki/Lapras_(Pok%C3%A9mon),131,,,,,,,,2.5,220.0,1st,Water,Ice,"[""Monster"", ""Water 1""]","[""HP""]",Gen I,"[""Gen I"", ""Gen II"", ""Gen III"", ""Gen IV"", ""Gen V"", ""Gen VI"", ""Gen VII"", ""Gen VIII"", ""Gen IX""]",,,
Ditto,https://bulbapedia.bulbagarden.net/wiki/Ditto_(Pok%C3%A9mon),132,,,,,,,,0.3,4.0,1st,Normal,,"[""Ditto""]","[""HP""]",Gen I,"[""Gen I"", ""Gen II"", ""Gen III"", ""Gen IV"", ""Gen V"", ""Gen VI"", ""Gen VII"", ""Gen VIII"", ""Gen IX""]",,,
Tauros,https://bulbapedia.bulbagarden.net/wiki/Tauros_(Pok%C3%A9mon),128,,75,100,95,40,70,110,1.4,88.4,1st,Normal,,"[""Field""]","[""Atk"", ""Speed""]",Gen I,"[""Gen I"", ""Gen II"", ""Gen III"", ""Gen IV"", ""Gen V"", ""Gen VI"", ""Gen VII"", ""Gen VIII"", ""Gen IX""]",,,
Vaporeon,https://bulbapedia.bulbagarden.net/wiki/Vaporeon_(Pok%C3%A9mon),134,,,,,,,,1.0,29.0,2nd,Water,,"[""Field""]","[""HP""]",Gen I,"[""Gen I"", ""Gen II"", ""Gen III"", ""Gen IV"", ""Gen V"", ""Gen VI"", ""Gen VII"", ""Gen VIII"", ""Gen IX""]",,,
Gyarados,https://bulbapedia.bulbagarden.net/wiki/Gyarados_(Pok%C3%A9mon),130,,,,,,,,6.5,235.0,2nd,Water,Flying,"[""Water 2"", ""Dragon""]","[""Atk""]",Gen I,"[""Gen I"", ""Gen II"", ""Gen III"", ""Gen IV"", ""Gen V"", ""Gen VI"", ""Gen VII"", ""Gen VIII"", ""Gen IX""]",,,
Eevee,https://bulbapedia.bulbagarden.net/wiki/Eevee_(Pok%C3%A9mon),133,,55,55,50,45,65,55,0.3,6.5,1st,Normal,,"[""Field""]","[""Sp. Def""]",Gen I,"[""Gen I"", ""Gen II"", ""Gen III"", ""Gen IV"", ""Gen V"", ""Gen VI"", ""Gen VII"", ""Gen VIII"", ""Gen IX""]",,,
Mr. Mime,https://bulbapedia.bulbagarden.net/wiki/Mr._Mime_(Pok%C3%A9mon),122,,40,45,65,100,120,90,1.3,54.5,2nd,Psychic,Fairy,"[""Human-Like""]","[""Sp. Def""]",Gen I,"[""Gen I"", ""Gen II"", ""Gen III"", ""Gen IV"", ""Gen V"", ""Gen VI"", ""Gen VII"", ""Gen VIII"", ""Gen IX""]",,,
Porygon,https://bulbapedia.bulbagarden.net/wiki/Porygon_(Pok%C3%A9mon),137,,,,,,,,0.8,36.5,1st,Normal,,"[""Mineral""]","[""Sp. Atk""]",Gen I,"[""Gen I"", ""Gen II"", ""Gen III"", ""Gen IV"", ""Gen V"", ""Gen VI"", ""Gen VII"", ""Gen VIII"", ""Gen IX""]",,,
Jolteon,https://bulbapedia.bulbagarden.net/wiki/Jolteon_(Pok%C3%A9mon),135,,,,,,,,0.8,24.5,2nd,Electric,,"[""Field""]","[""Speed""]",Gen I,"[""Gen I"", ""Gen II"", ""Gen III"", ""Gen IV"", ""Gen V"", ""Gen VI"", ""Gen VII"", ""Gen VIII"", ""Gen IX""]",,,
Omastar,https://bulbapedia.bulbagarden.net/wiki/Omastar_(Pok%C3%A9mon),139,,,,,,,,1.0,35.0,2nd,Rock,Water,"[""Water 1"", ""Water 3""]","[""Def""]",Gen I,"[""Gen I"", ""Gen II"", ""Gen III"", ""Gen IV"", ""Gen V"", ""Gen VI"", ""Gen VII"", ""Gen VIII"", ""Gen IX""]",,,
Kabuto,https://bulbapedia.bulbagarden.net/wiki/Kabuto_(Pok%C3%A9mon),140,,,,,,,,0.5,11.5,1st,Rock,Water,"[""Water 1"", ""Water 3""]","[""Defense""]",Gen I,"[""Gen I"", ""Gen II"", ""Gen III"", ""Gen IV"", ""Gen V"", ""Gen VI"", ""Gen VII"", ""Gen VIII"", ""Gen IX""]",,,
Omanyte,https://bulbapedia.bulbagarden.net/wiki/Omanyte_(Pok%C3%A9mon),138,,,,,,,,0.4,7.5,1st,Rock,Water,"[""Water 1"", ""Water 3""]","[""Def""]",Gen I,,,,
Aerodactyl,https://bulbapedia.bulbagarden.net/wiki/Aerodactyl_(Pok%C3%A9mon),142,,,,,,,,1.8,59.0,1st,Rock,Flying,"[""Flying""]","[""Speed""]",Gen I,"[""Gen I"", ""Gen II"", ""Gen III"", ""Gen IV"", ""Gen V"", ""Gen VI"", ""Gen VII"", ""Gen VIII"", ""Gen IX""]",,,
Flareon,https://bulbapedia.bulbagarden.net/wiki/Flareon_(Pok%C3%A9mon),136,,,,,,,,0.9,25.0,2nd,Fire,,"[""Field""]","[""Attack""]",Gen I,"[""Gen I"", ""Gen II"", ""Gen III"", ""Gen IV"", ""Gen V"", ""Gen VI"", ""Gen VII"", ""Gen VIII"", ""Gen IX""]",,,
Moltres,https://bulbapedia.bulbagarden.net/wiki/Moltres_(Pok%C3%A9mon),146,,,,,,,,2.0,60.0,1st,Fire,Flying,"[""No Eggs Discovered""]","[""Sp. Atk""]",Gen I,"[""Gen I"", ""Gen II"", ""Gen III"", ""Gen IV"", ""Gen V"", ""Gen VI"", ""Gen VII"", ""Gen VIII"", ""Gen IX""]",,,
Kabutops,https://bulbapedia.bulbagarden.net/wiki/Kabutops_(Pok%C3%A9mon),141,,,,,,,,1.3,40.5,2nd,Rock,Water,"[""Water 1"", ""Water 3""]","[""Atk""]",Gen I,"[""Gen I"", ""Gen II"", ""Gen III"", ""Gen IV"", ""Gen V"", ""Gen VI"", ""Gen VII"", ""Gen VIII"", ""Gen IX""]",,,
Dragonair,https://bulbapedia.bulbagarden.net/wiki/Dragonair_(Pok%C3%A9mon),148,,,,,,,,4.0,16.5,2nd,Dragon,,"[""Water 1"", ""Dragon""]","[""Attack""]",Gen I,"[""Gen I"", ""Gen II"", ""Gen III"", ""Gen IV"", ""Gen V"", ""Gen VI"", ""Gen VII"", ""Gen VIII"", ""Gen IX""]",,,
Dragonite,https://bulbapedia.bulbagarden.net/wiki/Dragonite_(Pok%C3%A9mon),149,,91,134,95,100,100,80,2.2,210.0,3rd,Dragon,Flying,"[""Water 1"", ""Dragon""]","[""Attack""]",Gen I,"[""Gen I"", ""Gen II"", ""Gen III"", ""Gen IV"", ""Gen V"", ""Gen VI"", ""Gen VII"", ""Gen VIII"", ""Gen IX""]",,,
Snorlax,https://bulbapedia.bulbagarden.net/wiki/Snorlax_(Pok%C3%A9mon),143,,,,,,,,2.1,460.0,2nd,Normal,,"[""Monster""]","[""HP""]",Gen I,"[""Gen I"", ""Gen II"", ""Gen III"", ""Gen IV"", ""Gen V"", ""Gen VI"", ""Gen VII"", ""Gen VIII"", ""Gen IX""]",,,
Dratini,https://bulbapedia.bulbagarden.net/wiki/Dratini_(Pok%C3%A9mon),147,,,,,,,,1.8,3.3,1st,Dragon,,"[""Water 1"", ""Dragon""]","[""Atk""]",Gen I,"[""Gen I"", ""Gen II"", ""Gen III"", ""Gen IV"", ""Gen V"", ""Gen VI"", ""Gen VII"", ""Gen VIII"", ""Gen IX""]",,,
Mew,https://bulbapedia.bulbagarden.net/wiki/Mew_(Pok%C3%A9mon),151,,100,100,100,100,100,100,0.4,4.0,1st,Psychic,,"[""No Eggs Discovered""]","[""HP""]",Gen I,"[""Gen I"", ""Gen II"", ""Gen III"", ""Gen IV"", ""Gen V"", ""Gen VI"", ""Gen VII"", ""Gen VIII"", ""Gen IX""]",,,
Chikorita,https://bulbapedia.bulbagarden.net/wiki/Chikorita_(Pok%C3%A9mon),152,,,,,,,,0.9,6.4,1st,Grass,,"[""Monster"", ""Grass""]","[""Sp. Def""]",Gen II,"[""Gen II"", ""Gen III"", ""Gen IV"", ""Gen V"", ""Gen VI"", ""Gen VII"", ""Gen VIII"", ""Gen IX""]",,,
Mewtwo,https://bulbapedia.bulbagarden.net/wiki/Mewtwo_(Pok%C3%A9mon),150,,106,110,90,154,90,130,2.0,122.0,1st,Psychic,,[],"[""Sp. Atk""]",Gen I,"[""Gen I"", ""Gen II"", ""Gen III"", ""Gen IV"", ""Gen V"", ""Gen VI"", ""Gen VII"", ""Gen VIII"", ""Gen IX""]",,,
Meganium,https://bulbapedia.bulbagarden.net/wiki/Meganium_(Pok%C3%A9mon),154,,80,82,100,83,100,80,1.8,100.5,3rd,Grass,,"[""Monster"", ""Grass""]","[""Def"", ""Sp. Def""]",Gen II,"[""Gen II"", ""Gen III"", ""Gen IV"", ""Gen V"", ""Gen VI"", ""Gen VII"", ""Gen VIII"", ""Gen IX""]",,,
Cyndaquil,https://bulbapedia.bulbagarden.net/wiki/Cyndaquil_(Pok%C3%A9mon),155,,,,,,,,0.5,7.9,1st,Fire,,"[""Field""]","[""Speed""]",Gen II,"[""Gen II"", ""Gen III"", ""Gen IV"", ""Gen V"", ""Gen VI"", ""Gen VII"", ""Gen VIII"", ""Gen IX""]",,,
Zapdos,https://bulbapedia.bulbagarden.net/wiki/Zapdos_(Pok%C3%A9mon),145,,90,90,85,125,90,100,1.6,52.6,1st,Electric,Flying,[],"[""Sp. Atk""]",Gen I,"[""Gen I"", ""Gen II"", ""Gen III"", ""Gen IV"", ""Gen V"", ""Gen VI"", ""Gen VII"", ""Gen VIII"", ""Gen IX""]",,,
Articuno,https://bulbapedia.bulbagarden.net/wiki/Articuno_(Pok%C3%A9mon),144,,,,,,,,1.7,55.4,1st,Ice,Flying,[],"[""Sp. Def""]",Gen I,"[""Gen I"", ""Gen II"", ""Gen III"", ""Gen IV"", ""Gen V"", ""Gen VI"", ""Gen VII"", ""Gen VIII"", ""Gen IX""]",,,
Bayleef,https://bulbapedia.bulbagarden.net/wiki/Bayleef_(Pok%C3%A9mon),153,,60,62,80,63,80,60,1.2,15.8,2nd,Grass,,"[""Monster"", ""Grass""]","[""Defense"", ""Sp. Def""]",Gen II,"[""Gen II"", ""Gen III"", ""Gen IV"", ""Gen V"", ""Gen VI"", ""Gen VII"", ""Gen VIII"", ""Gen IX""]",,,
Typhlosion,https://bulbapedia.bulbagarden.net/wiki/Typhlosion_(Pok%C3%A9mon),157,,,,,,,,1.7,79.5,3rd,Fire,,"[""Field""]","[""Sp. Atk""]",Gen II,"[""Gen II"", ""Gen III"", ""Gen IV"", ""Gen V"", ""Gen VI"", ""Gen VII"", ""Gen VIII"", ""Gen IX""]",,,
Quilava,https://bulbapedia.bulbagarden.net/wiki/Quilava_(Pok%C3%A9mon),156,,,,,,,,0.9,19.0,2nd,Fire,,"[""Field""]","[""Sp. Atk"", ""Speed""]",Gen II,"[""Gen II"", ""Gen III"", ""Gen IV"", ""Gen V"", ""Gen VI"", ""Gen VII"", ""Gen VIII"", ""Gen IX""]",,,
Furret,https://bulbapedia.bulbagarden.net/wiki/Furret_(Pok%C3%A9mon),162,,85,76,64,45,55,90,1.8,32.5,2nd,Normal,,"[""Field""]","[""Speed""]",Gen II,"[""Gen II"", ""Gen III"", ""Gen IV"", ""Gen V"", ""Gen VI"", ""Gen VII"", ""Gen VIII"", ""Gen IX""]",,,
Hoothoot,https://bulbapedia.bulbagarden.net/wiki/Hoothoot_(Pok%C3%A9mon),163,,60,30,30,36,56,50,0.7,21.2,1st,Normal,Flying,"[""Flying""]","[""HP""]",Gen II,"[""Gen II"", ""Gen III"", ""Gen IV"", ""Gen V"", ""Gen VI"", ""Gen VII"", ""Gen VIII"", ""Gen IX""]",,,
Sentret,https://bulbapedia.bulbagarden.net/wiki/Sentret_(Pok%C3%A9mon),161,,,,,,,,0.8,6.0,1st,Normal,,"[""Field""]","[""Attack""]",Gen II,"[""Gen II"", ""Gen III"", ""Gen IV"", ""Gen V"", ""Gen VI"", ""Gen VII"", ""Gen VIII"", ""Gen IX""]",,,
Noctowl,https://bulbapedia.bulbagarden.net/wiki/Noctowl_(Pok%C3%A9mon),164,,100,50,50,76,96,70,1.6,40.8,2nd,Normal,Flying,"[""Flying""]","[""HP""]",Gen II,"[""Gen II"", ""Gen III"", ""Gen IV"", ""Gen V"", ""Gen VI"", ""Gen VII"", ""Gen VIII"", ""Gen IX""]",,,
Ledyba,https://bulbapedia.bulbagarden.net/wiki/Ledyba_(Pok%C3%A9mon),165,,,,,,,,1.0,10.8,1st,Bug,Flying,"[""Bug""]","[""Sp. Def""]",Gen II,"[""Gen II"", ""Gen III"", ""Gen IV"", ""Gen V"", ""Gen VI"", ""Gen VII"", ""Gen VIII"", ""Gen IX""]",,,
Totodile,https://bulbapedia.bulbagarden.net/wiki/Totodile_(Pok%C3%A9mon),158,,50,65,64,44,48,43,0.6,9.5,1st,Water,,"[""Monster"", ""Water 1""]","[""Attack""]",Gen II,"[""Gen II"", ""Gen III"", ""Gen IV"", ""Gen V"", ""Gen VI"", ""Gen VII"", ""Gen VIII"", ""Gen IX""]",,,
Croconaw,https://bulbapedia.bulbagarden.net/wiki/Croconaw_(Pok%C3%A9mon),159,,,,,,,,1.1,25.0,2nd,Water,,"[""Monster"", ""Water 1""]","[""Attack"", ""Defense""]",Gen II,"[""Gen II"", ""Gen III"", ""Gen IV"", ""Gen V"", ""Gen VI"", ""Gen VII"", ""Gen VIII"", ""Gen IX""]",,,
Ledian,https://bulbapedia.bulbagarden.net/wiki/Ledian_(Pok%C3%A9mon),166,,,,,,,,1.4,35.6,2nd,Bug,Flying,"[""Bug""]","[""Sp. Def""]",Gen II,"[""Gen II"", ""Gen III"", ""Gen IV"", ""Gen V"", ""Gen VI"", ""Gen VII"", ""Gen VIII"", ""Gen IX""]",,,
Crobat,https://bulbapedia.bulbagarden.net/wiki/Crobat_(Pok%C3%A9mon),169,,85,90,80,70,80,130,1.8,75.0,3rd,Poison,Flying,"[""Flying""]","[""Speed""]",Gen II,"[""Gen II"", ""Gen III"", ""Gen IV"", ""Gen V"", ""Gen VI"", ""Gen VII"", ""Gen VIII"", ""Gen IX""]",,,
Spinarak,https://bulbapedia.bulbagarden.net/wiki/Spinarak_(Pok%C3%A9mon),167,,,,,,,,0.5,8.5,1st,Bug,Poison,"[""Bug""]","[""Attack""]",Gen II,"[""Gen II"", ""Gen III"", ""Gen IV"", ""Gen V"", ""Gen VI"", ""Gen VII"", ""Gen VIII"", ""Gen IX""]",,,
Pichu,https://bulbapedia.bulbagarden.net/wiki/Pichu_(Pok%C3%A9mon),172,,20,40,15,35,35,60,0.3,2.0,Baby,Electric,,"[""No Eggs Discovered""]","[""Speed""]",Gen II,"[""Gen II"", ""Gen III"", ""Gen IV"", ""Gen V"", ""Gen VI"", ""Gen VII"", ""Gen VIII"", ""Gen IX""]",,,
Lanturn,https://bulbapedia.bulbagarden.net/wiki/Lanturn_(Pok%C3%A9mon),171,,,,,,,,1.2,22.5,2nd,Water,Electric,"[""Water 2""]","[""HP""]",Gen II,"[""Gen II"", ""Gen III"", ""Gen IV"", ""Gen V"", ""Gen VI"", ""Gen VII"", ""Gen VIII"", ""Gen IX""]",,,
Cleffa,https://bulbapedia.bulbagarden.net/wiki/Cleffa_(Pok%C3%A9mon),173,,,,,,,,0.3,3.0,Baby,Fairy,,"[""No Eggs Discovered""]","[""Sp. Def""]",Gen II,"[""Gen II"", ""Gen III"", ""Gen IV"", ""Gen V"", ""Gen VI"", ""Gen VII"", ""Gen VIII"", ""Gen IX""]",,,
Feraligatr,https://bulbapedia.bulbagarden.net/wiki/Feraligatr_(Pok%C3%A9mon),160,,,,,,,,2.3,88.8,3rd,Water,,"[""Monster"", ""Water 1""]","[""Attack"", ""Defense""]",Gen II,"[""Gen II"", ""Gen III"", ""Gen IV"", ""Gen V"", ""Gen VI"", ""Gen VII"", ""Gen VIII"", ""Gen IX""]",,,
Togetic,https://bulbapedia.bulbagarden.net/wiki/Togetic_(Pok%C3%A9mon),176,,,,,,,,0.6,3.2,2nd,Fairy,Flying,"[""Flying"", ""Fairy""]","[""Sp. Def""]",Gen II,"[""Gen II"", ""Gen III"", ""Gen IV"", ""Gen V"", ""Gen VI"", ""Gen VII"", ""Gen VIII"", ""Gen IX""]",,,
Igglybuff,https://bulbapedia.bulbagarden.net/wiki/Igglybuff_(Pok%C3%A9mon),174,,,,,,,,0.3,1.0,Baby,Normal,Fairy,"[""No Eggs Discovered""]","[""HP""]",Gen II,"[""Gen II"", ""Gen III"", ""Gen IV"", ""Gen V"", ""Gen VI"", ""Gen VII"", ""Gen VIII"", ""Gen IX""]",,,
Xatu,https://bulbapedia.bulbagarden.net/wiki/Xatu_(Pok%C3%A9mon),178,,,,,,,,1.5,15.0,2nd,Psychic,Flying,"[""Flying""]","[""Sp. Atk"", ""Speed""]",Gen II,"[""Gen II"", ""Gen III"", ""Gen IV"", ""Gen V"", ""Gen VI"", ""Gen VII"", ""Gen VIII"", ""Gen IX""]",,,
Chinchou,https://bulbapedia.bulbagarden.net/wiki/Chinchou_(Pok%C3%A9mon),170,,,,,,,,0.5,12.0,1st,Water,Electric,"[""Water 2""]","[""HP""]",Gen II,"[""Gen II"", ""Gen III"", ""Gen IV"", ""Gen V"", ""Gen VI"", ""Gen VII"", ""Gen VIII"", ""Gen IX""]",,,
Mareep,https://bulbapedia.bulbagarden.net/wiki/Mareep_(Pok%C3%A9mon),179,,,,,,,,0.6,7.8,1st,Electric,,"[""Monster"", ""Field""]","[""Sp. Atk""]",Gen II,"[""Gen II"", ""Gen III"", ""Gen IV"", ""Gen V"", ""Gen VI"", ""Gen VII"", ""Gen VIII"", ""Gen IX""]",,,
Natu,https://bulbapedia.bulbagarden.net/wiki/Natu_(Pok%C3%A9mon),177,,,,,,,,0.2,2.0,1st,Psychic,Flying,"[""Flying""]","[""Sp. Atk""]",Gen II,"[""Gen II"", ""Gen III"", ""Gen IV"", ""Gen V"", ""Gen VI"", ""Gen VII"", ""Gen VIII"", ""Gen IX""]",,,
Ariados,https://bulbapedia.bulbagarden.net/wiki/Ariados_(Pok%C3%A9mon),168,,,,,,,,1.1,33.5,2nd,Bug,Poison,"[""Bug""]","[""Attack""]",Gen II,"[""Gen II"", ""Gen III"", ""Gen IV"", ""Gen V"", ""Gen VI"", ""Gen VII"", ""Gen VIII"", ""Gen IX""]",,,
Flaaffy,https://bulbapedia.bulbagarden.net/wiki/Flaaffy_(Pok%C3%A9mon),180,,70,55,55,80,60,45,0.8,13.3,2nd,Electric,,"[""Monster"", ""Field""]","[""Sp. Atk""]",Gen II,"[""Gen II"", ""Gen III"", ""Gen IV"", ""Gen V"", ""Gen VI"", ""Gen VII"", ""Gen VIII"", ""Gen IX""]",,,
Bellossom,https://bulbapedia.bulbagarden.net/wiki/Bellossom_(Pok%C3%A9mon),182,,,,,,,,0.4,5.8,3rd,Grass,,"[""Grass""]","[""Sp. Def""]",Gen II,"[""Gen II"", ""Gen III"", ""Gen IV"", ""Gen V"", ""Gen VI"", ""Gen VII"", ""Gen VIII"", ""Gen IX""]",,,
Marill,https://bulbapedia.bulbagarden.net/wiki/Marill_(Pok%C3%A9mon),183,,70,20,50,20,50,40,0.4,8.5,2nd,Water,Fairy,"[""Water 1"", ""Fairy""]","[""HP""]",Gen II,"[""Gen II"", ""Gen III"", ""Gen IV"", ""Gen V"", ""Gen VI"", ""Gen VII"", ""Gen VIII"", ""Gen IX""]",,,
Ampharos,https://bulbapedia.bulbagarden.net/wiki/Ampharos_(Pok%C3%A9mon),181,,,,,,,,1.4,61.5,3rd,Electric,,"[""Monster"", ""Field""]","[""Sp. Atk""]",Gen II,"[""Gen II"", ""Gen III"", ""Gen IV"", ""Gen V"", ""Gen VI"", ""Gen VII"", ""Gen VIII"", ""Gen IX""]",,,
Togepi,https://bulbapedia.bulbagarden.net/wiki/Togepi_(Pok%C3%A9mon),175,,,,,,,,0.3,1.5,Baby,Fairy,,"[""No Eggs Discovered""]","[""Sp. Def""]",Gen II,"[""Gen II"", ""Gen III"", ""Gen IV"", ""Gen V"", ""Gen VI"", ""Gen VII"", ""Gen VIII"", ""Gen IX""]",,,
Hoppip,https://bulbapedia.bulbagarden.net/wiki/Hoppip_(Pok%C3%A9mon),187,,,,,,,,0.4,0.5,1st,Grass,Flying,"[""Fairy"", ""Grass""]","[""Sp. Def""]",Gen II,"[""Gen II"", ""Gen III"", ""Gen IV"", ""Gen V"", ""Gen VI"", ""Gen VII"", ""Gen VIII"", ""Gen IX""]",,,
Skiploom,https://bulbapedia.bulbagarden.net/wiki/Skiploom_(Pok%C3%A9mon),188,,,,,,,,0.6,1.0,2nd,Grass,Flying,"[""Fairy"", ""Grass""]","[""Speed""]",Gen II,"[""Gen II"", ""Gen III"", ""Gen IV"", ""Gen V"", ""Gen VI"", ""Gen VII"", ""Gen VIII"", ""Gen IX""]",,,
Jumpluff,https://bulbapedia.bulbagarden.net/wiki/Jumpluff_(Pok%C3%A9mon),189,,,,,,,,0.8,3.0,3rd,Grass,Flying,"[""Fairy"", ""Grass""]","[""Speed""]",Gen II,"[""Gen II"", ""Gen III"", ""Gen IV"", ""Gen V"", ""Gen VI"", ""Gen VII"", ""Gen VIII"", ""Gen IX""]",,,
Aipom,https://bulbapedia.bulbagarden.net/wiki/Aipom_(Pok%C3%A9mon),190,,55,70,55,40,55,85,0.8,11.5,1st,Normal,,"[""Field""]","[""Speed""]",Gen II,"[""Gen II"", ""Gen III"", ""Gen IV"", ""Gen V"", ""Gen VI"", ""Gen VII"", ""Gen VIII"", ""Gen IX""]",,,
Azumarill,https://bulbapedia.bulbagarden.net/wiki/Azumarill_(Pok%C3%A9mon),184,,,,,,,,0.8,28.5,3rd,Water,Fairy,"[""Water 1"", ""Fairy""]","[""HP""]",Gen II,"[""Gen II"", ""Gen III"", ""Gen IV"", ""Gen V"", ""Gen VI"", ""Gen VII"", ""Gen VIII"", ""Gen IX""]",,,
Sunkern,https://bulbapedia.bulbagarden.net/wiki/Sunkern_(Pok%C3%A9mon),191,,,,,,,,0.3,1.8,1st,Grass,,"[""Grass""]","[""Sp. Atk""]",Gen II,"[""Gen II"", ""Gen III"", ""Gen IV"", ""Gen V"", ""Gen VI"", ""Gen VII"", ""Gen VIII"", ""Gen IX""]",,,
Sudowoodo,https://bulbapedia.bulbagarden.net/wiki/Sudowoodo_(Pok%C3%A9mon),185,,,,,,,,1.2,38.0,2nd,Rock,,"[""Mineral""]","[""Defense""]",Gen II,"[""Gen II"", ""Gen III"", ""Gen IV"", ""Gen V"", ""Gen VI"", ""Gen VII"", ""Gen VIII"", ""Gen IX""]",,,
Politoed,https://bulbapedia.bulbagarden.net/wiki/Politoed_(Pok%C3%A9mon),186,,90,75,75,90,100,70,1.1,33.9,3rd,Water,,"[""Water 1""]","[""Sp. Def""]",Gen II,"[""Gen II"", ""Gen III"", ""Gen IV"", ""Gen V"", ""Gen VI"", ""Gen VII"", ""Gen VIII"", ""Gen IX""]",,,
Yanma,https://bulbapedia.bulbagarden.net/wiki/Yanma_(Pok%C3%A9mon),193,,,,,,,,1.2,38.0,1st,Bug,Flying,"[""Bug""]","[""Speed""]",Gen II,"[""Gen II"", ""Gen III"", ""Gen IV"", ""Gen V"", ""Gen VI"", ""Gen VII"", ""Gen VIII"", ""Gen IX""]",,,
Wooper,https://bulbapedia.bulbagarden.net/wiki/Wooper_(Pok%C3%A9mon),194,,,,,,,,0.4,8.5,1st,Water,Ground,"[""Water 1"", ""Field""]","[""HP""]",Gen II,"[""Gen II"", ""Gen III"", ""Gen IV"", ""Gen V"", ""Gen VI"", ""Gen VII"", ""Gen VIII"", ""Gen IX""]",,,
Espeon,https://bulbapedia.bulbagarden.net/wiki/Espeon_(Pok%C3%A9mon),196,,,,,,,,0.9,26.5,2nd,Psychic,,"[""Field""]","[""Sp. Atk""]",Gen II,"[""Gen II"", ""Gen III"", ""Gen IV"", ""Gen V"", ""Gen VI"", ""Gen VII"", ""Gen VIII"", ""Gen IX""]",,,
Quagsire,https://bulbapedia.bulbagarden.net/wiki/Quagsire_(Pok%C3%A9mon),195,,95,85,85,65,65,35,1.4,75.0,2nd,Water,Ground,"[""Water 1"", ""Field""]","[""HP""]",Gen II,"[""Gen II"", ""Gen III"", ""Gen IV"", ""Gen V"", ""Gen VI"", ""Gen VII"", ""Gen VIII"", ""Gen IX""]",,,
Sunflora,https://bulbapedia.bulbagarden.net/wiki/Sunflora_(Pok%C3%A9mon),192,,,,,,,,0.8,8.5,2nd,Grass,,"[""Grass""]","[""Sp. Atk""]",Gen II,"[""Gen II"", ""Gen III"", ""Gen IV"", ""Gen V"", ""Gen VI"", ""Gen VII"", ""Gen VIII"", ""Gen IX""]",,,
Misdreavus,https://bulbapedia.bulbagarden.net/wiki/Misdreavus_(Pok%C3%A9mon),200,,,,,,,,0.7,1.0,1st,Ghost,,"[""Amorphous""]","[""Sp. Def""]",Gen II,"[""Gen II"", ""Gen III"", ""Gen IV"", ""Gen V"", ""Gen VI"", ""Gen VII"", ""Gen VIII"", ""Gen IX""]",,,
Murkrow,https://bulbapedia.bulbagarden.net/wiki/Murkrow_(Pok%C3%A9mon),198,,,,,,,,0.5,2.1,1st,Dark,Flying,"[""Flying""]","[""Speed""]",Gen II,"[""Gen II"", ""Gen III"", ""Gen IV"", ""Gen V"", ""Gen VI"", ""Gen VII"", ""Gen VIII"", ""Gen IX""]",,,
Umbreon,https://bulbapedia.bulbagarden.net/wiki/Umbreon_(Pok%C3%A9mon),197,,,,,,,,1.0,27.0,2nd,Dark,,"[""Field""]","[""Sp. Def""]",Gen II,"[""Gen II"", ""Gen III"", ""Gen IV"", ""Gen V"", ""Gen VI"", ""Gen VII"", ""Gen VIII"", ""Gen IX""]",,,
Pineco,https://bulbapedia.bulbagarden.net/wiki/Pineco_(Pok%C3%A9mon),204,,50,65,90,35,35,15,0.6,7.2,1st,Bug,,"[""Bug""]","[""Defense""]",Gen II,"[""Gen II"", ""Gen III"", ""Gen IV"", ""Gen V"", ""Gen VI"", ""Gen VII"", ""Gen VIII"", ""Gen IX""]",,,
Forretress,https://bulbapedia.bulbagarden.net/wiki/Forretress_(Pok%C3%A9mon),205,,75,90,140,60,60,40,1.2,125.8,2nd,Bug,Steel,"[""Bug""]","[""Def""]",Gen II,"[""Gen II"", ""Gen III"", ""Gen IV"", ""Gen V"", ""Gen VI"", ""Gen VII"", ""Gen VIII"", ""Gen IX""]",,,
Dunsparce,https://bulbapedia.bulbagarden.net/wiki/Dunsparce_(Pok%C3%A9mon),206,,,,,,,,1.5,14.0,1st,Normal,,"[""Field""]","[""HP""]",Gen II,"[""Gen II"", ""Gen III"", ""Gen IV"", ""Gen V"", ""Gen VI"", ""Gen VII"", ""Gen VIII"", ""Gen IX""]",,,
Wobbuffet,https://bulbapedia.bulbagarden.net/wiki/Wobbuffet_(Pok%C3%A9mon),202,,190,33,58,33,58,33,1.3,28.5,2nd,Psychic,,"[""Amorphous""]","[""HP""]",Gen II,"[""Gen II"", ""Gen III"", ""Gen IV"", ""Gen V"", ""Gen VI"", ""Gen VII"", ""Gen VIII"", ""Gen IX""]",,,
Steelix,https://bulbapedia.bulbagarden.net/wiki/Steelix_(Pok%C3%A9mon),208,,75,85,200,55,65,30,9.2,400.0,2nd,Steel,Ground,"[""Mineral""]","[""Defense""]",Gen II,"[""Gen II"", ""Gen III"", ""Gen IV"", ""Gen V"", ""Gen VI"", ""Gen VII"", ""Gen VIII"", ""Gen IX""]",,,
Snubbull,https://bulbapedia.bulbagarden.net/wiki/Snubbull_(Pok%C3%A9mon),209,,,,,,,,0.6,7.8,1st,Fairy,,"[""Field"", ""Fairy""]","[""Attack""]",Gen II,"[""Gen II"", ""Gen III"", ""Gen IV"", ""Gen V"", ""Gen VI"", ""Gen VII"", ""Gen VIII"", ""Gen IX""]",,,
Girafarig,https://bulbapedia.bulbagarden.net/wiki/Girafarig_(Pok%C3%A9mon),203,,70,80,65,90,65,85,1.5,41.5,1st,Normal,Psychic,"[""Field""]","[""Sp. Atk""]",Gen II,"[""Gen II"", ""Gen III"", ""Gen IV"", ""Gen V"", ""Gen VI"", ""Gen VII"", ""Gen VIII"", ""Gen IX""]",,,
Granbull,https://bulbapedia.bulbagarden.net/wiki/Granbull_(Pok%C3%A9mon),210,,,,,,,,1.4,48.7,2nd,Fairy,,"[""Field"", ""Fairy""]","[""Atk""]",Gen II,"[""Gen II"", ""Gen III"", ""Gen IV"", ""Gen V"", ""Gen VI"", ""Gen VII"", ""Gen VIII"", ""Gen IX""]",,,
Scizor,https://bulbapedia.bulbagarden.net/wiki/Scizor_(Pok%C3%A9mon),212,,70,130,100,55,80,65,1.8,118.0,2nd,Bug,Steel,"[""Bug""]","[""Atk""]",Gen II,"[""Gen II"", ""Gen III"", ""Gen IV"", ""Gen V"", ""Gen VI"", ""Gen VII"", ""Gen VIII"", ""Gen IX""]",,,
Gligar,https://bulbapedia.bulbagarden.net/wiki/Gligar_(Pok%C3%A9mon),207,,,,,,,,1.1,64.8,1st,Ground,Flying,"[""Bug""]","[""Def""]",Gen II,"[""Gen II"", ""Gen III"", ""Gen IV"", ""Gen V"", ""Gen VI"", ""Gen VII"", ""Gen VIII"", ""Gen IX""]",,,
Sneasel,https://bulbapedia.bulbagarden.net/wiki/Sneasel_(Pok%C3%A9mon),215,,55,95,55,35,75,115,0.9,28.0,1st,Dark,Ice,"[""Field""]","[""Speed""]",Gen II,"[""Gen II"", ""Gen III"", ""Gen IV"", ""Gen V"", ""Gen VI"", ""Gen VII"", ""Gen VIII"", ""Gen IX""]",,,
Shuckle,https://bulbapedia.bulbagarden.net/wiki/Shuckle_(Pok%C3%A9mon),213,,20,10,230,10,230,5,0.6,20.5,1st,Bug,Rock,"[""Bug""]","[""Defense"", ""Sp. Def""]",Gen II,"[""Gen II"", ""Gen III"", ""Gen IV"", ""Gen V"", ""Gen VI"", ""Gen VII"", ""Gen VIII"", ""Gen IX""]",,,
Ursaring,https://bulbapedia.bulbagarden.net/wiki/Ursaring_(Pok%C3%A9mon),217,,,,,,,,1.8,125.8,2nd,Normal,,"[""Field""]","[""Atk""]",Gen II,"[""Gen II"", ""Gen III"", ""Gen IV"", ""Gen V"", ""Gen VI"", ""Gen VII"", ""Gen VIII"", ""Gen IX""]",,,
Slugma,https://bulbapedia.bulbagarden.net/wiki/Slugma_(Pok%C3%A9mon),218,,40,40,40,70,40,20,0.7,35.0,1st,Fire,,"[""Amorphous""]","[""Sp. Atk""]",Gen II,"[""Gen II"", ""Gen III"", ""Gen IV"", ""Gen V"", ""Gen VI"", ""Gen VII"", ""Gen VIII"", ""Gen IX""]",,,
Magcargo,https://bulbapedia.bulbagarden.net/wiki/Magcargo_(Pok%C3%A9mon),219,,,,,,,,0.8,55.0,2nd,Fire,Rock,"[""Amorphous""]","[""Defense""]",Gen II,"[""Gen II"", ""Gen III"", ""Gen IV"", ""Gen V"", ""Gen VI"", ""Gen VII"", ""Gen VIII"", ""Gen IX""]",,,
Swinub,https://bulbapedia.bulbagarden.net/wiki/Swinub_(Pok%C3%A9mon),220,,,,,,,,0.4,6.5,1st,Ice,Ground,"[""Field""]","[""Attack""]",Gen II,"[""Gen II"", ""Gen III"", ""Gen IV"", ""Gen V"", ""Gen VI"", ""Gen VII"", ""Gen VIII"", ""Gen IX""]",,,
Teddiursa,https://bulbapedia.bulbagarden.net/wiki/Teddiursa_(Pok%C3%A9mon),216,,,,,,,,0.6,8.8,1st,Normal,,"[""Field""]","[""Attack""]",Gen II,"[""Gen II"", ""Gen III"", ""Gen IV"", ""Gen V"", ""Gen VI"", ""Gen VII"", ""Gen VIII"", ""Gen IX""]",,,
Corsola,https://bulbapedia.bulbagarden.net/wiki/Corsola_(Pok%C3%A9mon),222,,,,,,,,0.6,5.0,1st,Water,Rock,"[""Water 1"", ""Water 3""]","[""Def"", ""Sp. Def""]",Gen II,"[""Gen II"", ""Gen III"", ""Gen IV"", ""Gen V"", ""Gen VI"", ""Gen VII"", ""Gen VIII"", ""Gen IX""]",,,
Remoraid,https://bulbapedia.bulbagarden.net/wiki/Remoraid_(Pok%C3%A9mon),223,,,,,,,,0.6,12.0,1st,Water,,"[""Water 1"", ""Water 2""]","[""Sp. Atk""]",Gen II,"[""Gen II"", ""Gen III"", ""Gen IV"", ""Gen V"", ""Gen VI"", ""Gen VII"", ""Gen VIII"", ""Gen IX""]",,,
Delibird,https://bulbapedia.bulbagarden.net/wiki/Delibird_(Pok%C3%A9mon),225,,,,,,,,0.9,16.0,1st,Ice,Flying,"[""Water 1"", ""Field""]","[""Speed""]",Gen II,"[""Gen II"", ""Gen III"", ""Gen IV"", ""Gen V"", ""Gen VI"", ""Gen VII"", ""Gen VIII"", ""Gen IX""]",,,
Octillery,https://bulbapedia.bulbagarden.net/wiki/Octillery_(Pok%C3%A9mon),224,,,,,,,,0.9,28.5,2nd,Water,,"[""Water 1"", ""Water 2""]","[""Atk"", ""Sp. Atk""]",Gen II,"[""Gen II"", ""Gen III"", ""Gen IV"", ""Gen V"", ""Gen VI"", ""Gen VII"", ""Gen VIII"", ""Gen IX""]",,,
Piloswine,https://bulbapedia.bulbagarden.net/wiki/Piloswine_(Pok%C3%A9mon),221,,,,,,,,1.1,55.8,2nd,Ice,Ground,"[""Field""]","[""HP"", ""Attack""]",Gen II,"[""Gen II"", ""Gen III"", ""Gen IV"", ""Gen V"", ""Gen VI"", ""Gen VII"", ""Gen VIII"", ""Gen IX""]",,,
Heracross,https://bulbapedia.bulbagarden.net/wiki/Heracross_(Pok%C3%A9mon),214,,,,,,,,1.5,54.0,1st,Bug,Fighting,"[""Bug""]","[""Attack""]",Gen II,"[""Gen II"", ""Gen III"", ""Gen IV"", ""Gen V"", ""Gen VI"", ""Gen VII"", ""Gen VIII"", ""Gen IX""]",,,
Skarmory,https://bulbapedia.bulbagarden.net/wiki/Skarmory_(Pok%C3%A9mon),227,,,,,,,,1.7,50.5,1st,Steel,Flying,"[""Flying""]","[""Defense""]",Gen II,"[""Gen II"", ""Gen III"", ""Gen IV"", ""Gen V"", ""Gen VI"", ""Gen VII"", ""Gen VIII"", ""Gen IX""]",,,
Mantine,https://bulbapedia.bulbagarden.net/wiki/Mantine_(Pok%C3%A9mon),226,,,,,,,,2.1,220.0,2nd,Water,Flying,"[""Water 1""]","[""Sp. Def""]",Gen II,"[""Gen II"", ""Gen III"", ""Gen IV"", ""Gen V"", ""Gen VI"", ""Gen VII"", ""Gen VIII"", ""Gen IX""]",,,
Phanpy,https://bulbapedia.bulbagarden.net/wiki/Phanpy_(Pok%C3%A9mon),231,,,,,,,,0.5,33.5,1st,Ground,,"[""Field""]","[""HP""]",Gen II,"[""Gen II"", ""Gen III"", ""Gen IV"", ""Gen V"", ""Gen VI"", ""Gen VII"", ""Gen VIII"", ""Gen IX""]",,,
Houndoom,https://bulbapedia.bulbagarden.net/wiki/Houndoom_(Pok%C3%A9mon),229,,,,,,,,1.4,35.0,2nd,Dark,Fire,"[""Field""]","[""Sp. Atk""]",Gen II,"[""Gen II"", ""Gen III"", ""Gen IV"", ""Gen V"", ""Gen VI"", ""Gen VII"", ""Gen VIII"", ""Gen IX""]",,,
Porygon2,https://bulbapedia.bulbagarden.net/wiki/Porygon2_(Pok%C3%A9mon),233,,,,,,,,0.6,32.5,2nd,Normal,,"[""Mineral""]","[""Sp. Atk""]",Gen II,"[""Gen II"", ""Gen III"", ""Gen IV"", ""Gen V"", ""Gen VI"", ""Gen VII"", ""Gen VIII"", ""Gen IX""]",,,
Donphan,https://bulbapedia.bulbagarden.net/wiki/Donphan_(Pok%C3%A9mon),232,,90,120,120,60,60,50,1.1,120.0,2nd,Ground,,"[""Field""]","[""Atk"", ""Def""]",Gen II,"[""Gen II"", ""Gen III"", ""Gen IV"", ""Gen V"", ""Gen VI"", ""Gen VII"", ""Gen VIII"", ""Gen IX""]",,,
Smeargle,https://bulbapedia.bulbagarden.net/wiki/Smeargle_(Pok%C3%A9mon),235,,,,,,,,1.2,58.0,1st,Normal,,"[""Field""]","[""Speed""]",Gen II,"[""Gen II"", ""Gen III"", ""Gen IV"", ""Gen V"", ""Gen VI"", ""Gen VII"", ""Gen VIII"", ""Gen IX""]",,,
Stantler,https://bulbapedia.bulbagarden.net/wiki/Stantler_(Pok%C3%A9mon),234,,73,95,62,85,65,85,1.4,71.2,1st,Normal,,"[""Field""]","[""Atk""]",Gen II,"[""Gen II"", ""Gen III"", ""Gen IV"", ""Gen V"", ""Gen VI"", ""Gen VII"", ""Gen VIII"", ""Gen IX""]",,,
Smoochum,https://bulbapedia.bulbagarden.net/wiki/Smoochum_(Pok%C3%A9mon),238,,,,,,,,0.4,6.0,Baby,Ice,Psychic,[],"[""Sp. Atk""]",Gen II,"[""Gen II"", ""Gen III"", ""Gen IV"", ""Gen V"", ""Gen VI"", ""Gen VII"", ""Gen VIII"", ""Gen IX""]",,,
Miltank,https://bulbapedia.bulbagarden.net/wiki/Miltank_(Pok%C3%A9mon),241,,,,,,,,1.2,75.5,1st,Normal,,"[""Field""]","[""Def""]",Gen II,"[""Gen II"", ""Gen III"", ""Gen IV"", ""Gen V"", ""Gen VI"", ""Gen VII"", ""Gen VIII"", ""Gen IX""]",,,
Raikou,https://bulbapedia.bulbagarden.net/wiki/Raikou_(Pok%C3%A9mon),243,,90,85,75,115,100,115,1.9,178.0,1st,Electric,,[],"[""Sp. Atk"", ""Speed""]",Gen II,"[""Gen II"", ""Gen III"", ""Gen IV"", ""Gen V"", ""Gen VI"", ""Gen VII"", ""Gen VIII"", ""Gen IX""]",,,
Suicune,https://bulbapedia.bulbagarden.net/wiki/Suicune_(Pok%C3%A9mon),245,,,,,,,,2.0,187.0,1st,Water,,"[""No Eggs Discovered""]","[""Def"", ""Sp. Def""]",Gen II,"[""Gen II"", ""Gen III"", ""Gen IV"", ""Gen V"", ""Gen VI"", ""Gen VII"", ""Gen VIII"", ""Gen IX""]",,,
Elekid,https://bulbapedia.bulbagarden.net/wiki/Elekid_(Pok%C3%A9mon),239,,,,,,,,0.6,23.5,Baby,Electric,,[],"[""Speed""]",Gen II,"[""Gen II"", ""Gen III"", ""Gen IV"", ""Gen V"", ""Gen VI"", ""Gen VII"", ""Gen VIII"", ""Gen IX""]",,,
Magby,https://bulbapedia.bulbagarden.net/wiki/Magby_(Pok%C3%A9mon),240,,,,,,,,0.7,21.4,Baby,Fire,,[],"[""Speed""]",Gen II,"[""Gen II"", ""Gen III"", ""Gen IV"", ""Gen V"", ""Gen VI"", ""Gen VII"", ""Gen VIII"", ""Gen IX""]",,,
Pupitar,https://bulbapedia.bulbagarden.net/wiki/Pupitar_(Pok%C3%A9mon),247,,,,,,,,1.2,152.0,2nd,Rock,Ground,"[""Monster""]","[""Atk""]",Gen II,"[""Gen II"", ""Gen III"", ""Gen IV"", ""Gen V"", ""Gen VI"", ""Gen VII"", ""Gen VIII"", ""Gen IX""]",,,
Larvitar,https://bulbapedia.bulbagarden.net/wiki/Larvitar_(Pok%C3%A9mon),246,,,,,,,,0.6,72.0,1st,Rock,Ground,"[""Monster""]","[""Attack""]",Gen II,"[""Gen II"", ""Gen III"", ""Gen IV"", ""Gen V"", ""Gen VI"", ""Gen VII"", ""Gen VIII"", ""Gen IX""]",,,
Ho-Oh,https://bulbapedia.bulbagarden.net/wiki/Ho-Oh_(Pok%C3%A9mon),250,,106,130,90,110,154,90,3.8,199.0,1st,Fire,Flying,"[""No Eggs Discovered""]","[""Sp. Def""]",Gen II,"[""Gen II"", ""Gen III"", ""Gen IV"", ""Gen V"", ""Gen VI"", ""Gen VII"", ""Gen VIII"", ""Gen IX""]",,,
Celebi,https://bulbapedia.bulbagarden.net/wiki/Celebi_(Pok%C3%A9mon),251,,,,,,,,0.6,5.0,1st,Psychic,Grass,"[""No Eggs Discovered""]","[""HP""]",Gen II,"[""Gen II"", ""Gen III"", ""Gen IV"", ""Gen V"", ""Gen VI"", ""Gen VII"", ""Gen VIII"", ""Gen IX""]",,,
Tyranitar,https://bulbapedia.bulbagarden.net/wiki/Tyranitar_(Pok%C3%A9mon),248,,,,,,,,2.0,202.0,3rd,Rock,Dark,"[""Monster""]","[""Atk""]",Gen II,"[""Gen II"", ""Gen III"", ""Gen IV"", ""Gen V"", ""Gen VI"", ""Gen VII"", ""Gen VIII"", ""Gen IX""]",,,
Lugia,https://bulbapedia.bulbagarden.net/wiki/Lugia_(Pok%C3%A9mon),249,,106,90,130,90,154,110,5.2,216.0,1st,Psychic,Flying,"[""No Eggs Discovered""]","[""Sp. Def""]",Gen II,"[""Gen II"", ""Gen III"", ""Gen IV"", ""Gen V"", ""Gen VI"", ""Gen VII"", ""Gen VIII"", ""Gen IX""]",,,
Treecko,https://bulbapedia.bulbagarden.net/wiki/Treecko_(Pok%C3%A9mon),252,,,,,,,,0.5,5.0,1st,Grass,,"[""Monster"", ""Dragon""]","[""Speed""]",Gen III,"[""Gen III"", ""Gen IV"", ""Gen V"", ""Gen VI"", ""Gen VII"", ""Gen VIII"", ""Gen IX""]",,,
Sceptile,https://bulbapedia.bulbagarden.net/wiki/Sceptile_(Pok%C3%A9mon),254,,,,,,,,1.7,52.2,3rd,Grass,,"[""Monster"", ""Dragon""]","[""Speed""]",Gen III,"[""Gen III"", ""Gen IV"", ""Gen V"", ""Gen VI"", ""Gen VII"", ""Gen VIII"", ""Gen IX""]",,,
Torchic,https://bulbapedia.bulbagarden.net/wiki/Torchic_(Pok%C3%A9mon),255,,,,,,,,0.4,2.5,1st,Fire,,"[""Field""]","[""Sp. Atk""]",Gen III,"[""Gen III"", ""Gen IV"", ""Gen V"", ""Gen VI"", ""Gen VII"", ""Gen VIII"", ""Gen IX""]",,,
Grovyle,https://bulbapedia.bulbagarden.net/wiki/Grovyle_(Pok%C3%A9mon),253,,,,,,,,0.9,21.6,2nd,Grass,,"[""Monster"", ""Dragon""]","[""Speed""]",Gen III,"[""Gen III"", ""Gen IV"", ""Gen V"", ""Gen VI"", ""Gen VII"", ""Gen VIII"", ""Gen IX""]",,,
Blissey,https://bulbapedia.bulbagarden.net/wiki/Blissey_(Pok%C3%A9mon),242,,255,10,10,75,135,55,1.5,46.8,3rd,Normal,,"[""Fairy""]","[""HP""]",Gen II,"[""Gen II"", ""Gen III"", ""Gen IV"", ""Gen V"", ""Gen VI"", ""Gen VII"", ""Gen VIII"", ""Gen IX""]",,,
Marshtomp,https://bulbapedia.bulbagarden.net/wiki/Marshtomp_(Pok%C3%A9mon),259,,,,,,,,0.7,28.0,2nd,Water,Ground,"[""Monster"", ""Water 1""]","[""Atk""]",Gen III,"[""Gen III"", ""Gen IV"", ""Gen V"", ""Gen VI"", ""Gen VII"", ""Gen VIII"", ""Gen IX""]",,,
Mudkip,https://bulbapedia.bulbagarden.net/wiki/Mudkip_(Pok%C3%A9mon),258,,,,,,,,0.4,7.6,1st,Water,,"[""Monster"", ""Water 1""]","[""Attack""]",Gen III,"[""Gen III"", ""Gen IV"", ""Gen V"", ""Gen VI"", ""Gen VII"", ""Gen VIII"", ""Gen IX""]",,,
Blaziken,https://bulbapedia.bulbagarden.net/wiki/Blaziken_(Pok%C3%A9mon),257,,80,120,70,110,70,80,1.9,52.0,3rd,Fire,Fighting,"[""Field""]","[""Attack""]",Gen III,"[""Gen III"", ""Gen IV"", ""Gen V"", ""Gen VI"", ""Gen VII"", ""Gen VIII"", ""Gen IX""]",,,
Poochyena,https://bulbapedia.bulbagarden.net/wiki/Poochyena_(Pok%C3%A9mon),261,,35,55,35,30,30,35,0.5,13.6,1st,Dark,,"[""Field""]","[""Attack""]",Gen III,"[""Gen III"", ""Gen IV"", ""Gen V"", ""Gen VI"", ""Gen VII"", ""Gen VIII"", ""Gen IX""]",,,
Mightyena,https://bulbapedia.bulbagarden.net/wiki/Mightyena_(Pok%C3%A9mon),262,,,,,,,,1.0,37.0,2nd,Dark,,"[""Field""]","[""Atk""]",Gen III,"[""Gen III"", ""Gen IV"", ""Gen V"", ""Gen VI"", ""Gen VII"", ""Gen VIII"", ""Gen IX""]",,,
Wurmple,https://bulbapedia.bulbagarden.net/wiki/Wurmple_(Pok%C3%A9mon),265,,,,,,,,0.3,3.6,1st,Bug,,"[""Bug""]","[""HP""]",Gen III,"[""Gen III"", ""Gen IV"", ""Gen V"", ""Gen VI"", ""Gen VII"", ""Gen VIII"", ""Gen IX""]",,,
Combusken,https://bulbapedia.bulbagarden.net/wiki/Combusken_(Pok%C3%A9mon),256,,,,,,,,0.9,19.5,2nd,Fire,Fighting,"[""Field""]","[""Atk"", ""Sp. Atk""]",Gen III,"[""Gen III"", ""Gen IV"", ""Gen V"", ""Gen VI"", ""Gen VII"", ""Gen VIII"", ""Gen IX""]",,,
Linoone,https://bulbapedia.bulbagarden.net/wiki/Linoone_(Pok%C3%A9mon),264,,,,,,,,0.5,32.5,2nd,Normal,,"[""Field""]","[""Speed""]",Gen III,"[""Gen III"", ""Gen IV"", ""Gen V"", ""Gen VI"", ""Gen VII"", ""Gen VIII"", ""Gen IX""]",,,
Beautifly,https://bulbapedia.bulbagarden.net/wiki/Beautifly_(Pok%C3%A9mon),267,,60,70,50,100,50,65,1.0,28.4,3rd,Bug,Flying,"[""Bug""]","[""Sp. Atk""]",Gen III,"[""Gen III"", ""Gen IV"", ""Gen V"", ""Gen VI"", ""Gen VII"", ""Gen VIII"", ""Gen IX""]",,,
Dustox,https://bulbapedia.bulbagarden.net/wiki/Dustox_(Pok%C3%A9mon),269,,,,,,,,1.2,31.6,3rd,Bug,Poison,"[""Bug""]","[""Sp. Def""]",Gen III,"[""Gen III"", ""Gen IV"", ""Gen V"", ""Gen VI"", ""Gen VII"", ""Gen VIII"", ""Gen IX""]",,,
Cascoon,https://bulbapedia.bulbagarden.net/wiki/Cascoon_(Pok%C3%A9mon),268,,,,,,,,0.7,11.5,2nd,Bug,,"[""Bug""]","[""Defense""]",Gen III,"[""Gen III"", ""Gen IV"", ""Gen V"", ""Gen VI"", ""Gen VII"", ""Gen VIII"", ""Gen IX""]",,,
Lombre,https://bulbapedia.bulbagarden.net/wiki/Lombre_(Pok%C3%A9mon),271,,,,,,,,1.2,32.5,2nd,Water,Grass,"[""Water 1"", ""Grass""]","[""Sp. Def""]",Gen III,"[""Gen III"", ""Gen IV"", ""Gen V"", ""Gen VI"", ""Gen VII"", ""Gen VIII"", ""Gen IX""]",,,
Silcoon,https://bulbapedia.bulbagarden.net/wiki/Silcoon_(Pok%C3%A9mon),266,,,,,,,,0.6,10.0,2nd,Bug,,"[""Bug""]","[""Defense""]",Gen III,"[""Gen III"", ""Gen IV"", ""Gen V"", ""Gen VI"", ""Gen VII"", ""Gen VIII"", ""Gen IX""]",,,
Lotad,https://bulbapedia.bulbagarden.net/wiki/Lotad_(Pok%C3%A9mon),270,,40,30,30,40,50,30,0.5,2.6,1st,Water,Grass,"[""Water 1"", ""Grass""]","[""Sp. Def""]",Gen III,"[""Gen III"", ""Gen IV"", ""Gen V"", ""Gen VI"", ""Gen VII"", ""Gen VIII"", ""Gen IX""]",,,
Zigzagoon,https://bulbapedia.bulbagarden.net/wiki/Zigzagoon_(Pok%C3%A9mon),263,,,,,,,,0.4,17.5,1st,Normal,,"[""Field""]","[""Speed""]",Gen III,"[""Gen III"", ""Gen IV"", ""Gen V"", ""Gen VI"", ""Gen VII"", ""Gen VIII"", ""Gen IX""]",,,
Seedot,https://bulbapedia.bulbagarden.net/wiki/Seedot_(Pok%C3%A9mon),273,,,,,,,,0.5,4.0,1st,Grass,,"[""Field"", ""Grass""]","[""Defense""]",Gen III,"[""Gen III"", ""Gen IV"", ""Gen V"", ""Gen VI"", ""Gen VII"", ""Gen VIII"", ""Gen IX""]",,,
Nuzleaf,https://bulbapedia.bulbagarden.net/wiki/Nuzleaf_(Pok%C3%A9mon),274,,,,,,,,1.0,28.0,2nd,Grass,Dark,"[""Field"", ""Grass""]","[""Atk""]",Gen III,"[""Gen III"", ""Gen IV"", ""Gen V"", ""Gen VI"", ""Gen VII"", ""Gen VIII"", ""Gen IX""]",,,
Shiftry,https://bulbapedia.bulbagarden.net/wiki/Shiftry_(Pok%C3%A9mon),275,,,,,,,,1.3,59.6,3rd,Grass,Dark,"[""Field"", ""Grass""]","[""Atk""]",Gen III,"[""Gen III"", ""Gen IV"", ""Gen V"", ""Gen VI"", ""Gen VII"", ""Gen VIII"", ""Gen IX""]",,,
Taillow,https://bulbapedia.bulbagarden.net/wiki/Taillow_(Pok%C3%A9mon),276,,,,,,,,0.3,2.3,1st,Normal,Flying,"[""Flying""]","[""Speed""]",Gen III,"[""Gen III"", ""Gen IV"", ""Gen V"", ""Gen VI"", ""Gen VII"", ""Gen VIII"", ""Gen IX""]",,,
Ludicolo,https://bulbapedia.bulbagarden.net/wiki/Ludicolo_(Pok%C3%A9mon),272,,,,,,,,1.5,55.0,3rd,Water,Grass,"[""Water 1"", ""Grass""]","[""Sp. Def""]",Gen III,"[""Gen III"", ""Gen IV"", ""Gen V"", ""Gen VI"", ""Gen VII"", ""Gen VIII"", ""Gen IX""]",,,
Swellow,https://bulbapedia.bulbagarden.net/wiki/Swellow_(Pok%C3%A9mon),277,,60,85,60,50,50,125,0.7,19.8,2nd,Normal,Flying,"[""Flying""]","[""Speed""]",Gen III,"[""Gen III"", ""Gen IV"", ""Gen V"", ""Gen VI"", ""Gen VII"", ""Gen VIII"", ""Gen IX""]",,,
Swampert,https://bulbapedia.bulbagarden.net/wiki/Swampert_(Pok%C3%A9mon),260,,,,,,,,1.5,81.9,3rd,Water,Ground,"[""Monster"", ""Water 1""]","[""Atk""]",Gen III,"[""Gen III"", ""Gen IV"", ""Gen V"", ""Gen VI"", ""Gen VII"", ""Gen VIII"", ""Gen IX""]",,,
Pelipper,https://bulbapedia.bulbagarden.net/wiki/Pelipper_(Pok%C3%A9mon),279,,,,,,,,1.2,28.0,2nd,Water,Flying,"[""Water 1"", ""Flying""]","[""Defense""]",Gen III,"[""Gen III"", ""Gen IV"", ""Gen V"", ""Gen VI"", ""Gen VII"", ""Gen VIII"", ""Gen IX""]",,,
Wingull,https://bulbapedia.bulbagarden.net/wiki/Wingull_(Pok%C3%A9mon),278,,,,,,,,0.6,9.5,1st,Water,Flying,"[""Water 1"", ""Flying""]","[""Speed""]",Gen III,"[""Gen III"", ""Gen IV"", ""Gen V"", ""Gen VI"", ""Gen VII"", ""Gen VIII"", ""Gen IX""]",,,
Kirlia,https://bulbapedia.bulbagarden.net/wiki/Kirlia_(Pok%C3%A9mon),281,,,,,,,,0.8,20.2,2nd,Psychic,Fairy,"[""Human-Like"", ""Amorphous""]","[""Sp. Atk""]",Gen III,"[""Gen III"", ""Gen IV"", ""Gen V"", ""Gen VI"", ""Gen VII"", ""Gen VIII"", ""Gen IX""]",,,
Surskit,https://bulbapedia.bulbagarden.net/wiki/Surskit_(Pok%C3%A9mon),283,,,,,,,,0.5,1.7,1st,Bug,Water,"[""Water 1"", ""Bug""]","[""Speed""]",Gen III,"[""Gen III"", ""Gen IV"", ""Gen V"", ""Gen VI"", ""Gen VII"", ""Gen VIII"", ""Gen IX""]",,,
Shroomish,https://bulbapedia.bulbagarden.net/wiki/Shroomish_(Pok%C3%A9mon),285,,,,,,,,0.4,4.5,1st,Grass,,"[""Fairy"", ""Grass""]","[""HP""]",Gen III,"[""Gen III"", ""Gen IV"", ""Gen V"", ""Gen VI"", ""Gen VII"", ""Gen VIII"", ""Gen IX""]",,,
Breloom,https://bulbapedia.bulbagarden.net/wiki/Breloom_(Pok%C3%A9mon),286,,60,130,80,60,60,70,1.2,39.2,2nd,Grass,Fighting,"[""Fairy"", ""Grass""]","[""Attack""]",Gen III,"[""Gen III"", ""Gen IV"", ""Gen V"", ""Gen VI"", ""Gen VII"", ""Gen VIII"", ""Gen IX""]",,,
Scyther,https://bulbapedia.bulbagarden.net/wiki/Scyther_(Pok%C3%A9mon),123,,,,,,,,1.5,56.0,1st,Bug,Flying,"[""Bug""]","[""Attack""]",Gen I,"[""Gen I"", ""Gen II"", ""Gen III"", ""Gen IV"", ""Gen V"", ""Gen VI"", ""Gen VII"", ""Gen VIII"", ""Gen IX""]",,,
Unown,https://bulbapedia.bulbagarden.net/wiki/Unown_(Pok%C3%A9mon),201,,48,72,48,72,48,48,0.5,5.0,1st,Psychic,,[],"[""Attack"", ""Sp. Atk""]",Gen II,"[""Gen II"", ""Gen III"", ""Gen IV"", ""Gen V"", ""Gen VI"", ""Gen VII"", ""Gen VIII"", ""Gen IX""]",,,
Hitmonchan,https://bulbapedia.bulbagarden.net/wiki/Hitmonchan_(Pok%C3%A9mon),107,,,,,,,,1.4,50.2,2nd,Fighting,,"[""Human-Like""]","[""Sp. Def""]",Gen I,"[""Gen I"", ""Gen II"", ""Gen III"", ""Gen IV"", ""Gen V"", ""Gen VI"", ""Gen VII"", ""Gen VIII"", ""Gen IX""]",,,
Houndour,https://bulbapedia.bulbagarden.net/wiki/Houndour_(Pok%C3%A9mon),228,,,,,,,,0.6,10.8,1st,Dark,Fire,"[""Field""]","[""Sp. Atk""]",Gen II,"[""Gen II"", ""Gen III"", ""Gen IV"", ""Gen V"", ""Gen VI"", ""Gen VII"", ""Gen VIII"", ""Gen IX""]",,,
Farfetch'd,https://bulbapedia.bulbagarden.net/wiki/Farfetch%27d_(Pok%C3%A9mon),83,,,,,,,,0.8,15.0,1st,Normal,Flying,"[""Flying"", ""Field""]","[""Atk""]",Gen I,"[""Gen I"", ""Gen II"", ""Gen III"", ""Gen IV"", ""Gen V"", ""Gen VI"", ""Gen VII"", ""Gen VIII"", ""Gen IX""]",,,
Slowking,https://bulbapedia.bulbagarden.net/wiki/Slowking_(Pok%C3%A9mon),199,,,,,,,,2.0,79.5,2nd,Water,Psychic,"[""Monster"", ""Water 1""]","[""Sp. Def""]",Gen II,"[""Gen II"", ""Gen III"", ""Gen IV"", ""Gen V"", ""Gen VI"", ""Gen VII"", ""Gen VIII"", ""Gen IX""]",,,
Kingdra,https://bulbapedia.bulbagarden.net/wiki/Kingdra_(Pok%C3%A9mon),230,,,,,,,,1.8,152.0,3rd,Water,Dragon,"[""Water 1"", ""Dragon""]","[""Attack"", ""Sp. Atk"", ""Sp. Def""]",Gen II,"[""Gen II"", ""Gen III"", ""Gen IV"", ""Gen V"", ""Gen VI"", ""Gen VII"", ""Gen VIII"", ""Gen IX""]",,,
Weezing,https://bulbapedia.bulbagarden.net/wiki/Weezing_(Pok%C3%A9mon),110,,,,,,,,1.2,9.5,2nd,Poison,,"[""Amorphous""]","[""Defense""]",Gen I,"[""Gen I"", ""Gen II"", ""Gen III"", ""Gen IV"", ""Gen V"", ""Gen VI"", ""Gen VII"", ""Gen VIII"", ""Gen IX""]",,,
Ralts,https://bulbapedia.bulbagarden.net/wiki/Ralts_(Pok%C3%A9mon),280,,,,,,,,0.4,6.6,1st,Psychic,Fairy,"[""Human-Like"", ""Amorphous""]","[""Sp. Atk""]",Gen III,"[""Gen III"", ""Gen IV"", ""Gen V"", ""Gen VI"", ""Gen VII"", ""Gen VIII"", ""Gen IX""]",,,
Gardevoir,https://bulbapedia.bulbagarden.net/wiki/Gardevoir_(Pok%C3%A9mon),282,,,,,,,,1.6,48.4,3rd,Psychic,Fairy,"[""Human-Like"", ""Amorphous""]","[""Sp. Atk""]",Gen III,"[""Gen III"", ""Gen IV"", ""Gen V"", ""Gen VI"", ""Gen VII"", ""Gen VIII"", ""Gen IX""]",,,
Hitmontop,https://bulbapedia.bulbagarden.net/wiki/Hitmontop_(Pok%C3%A9mon),237,,,,,,,,1.4,48.0,2nd,Fighting,,"[""Human-Like""]","[""Sp. Def""]",Gen II,"[""Gen II"", ""Gen III"", ""Gen IV"", ""Gen V"", ""Gen VI"", ""Gen VII"", ""Gen VIII"", ""Gen IX""]",,,
,https://bulbapedia.bulbagarden.net/wiki/Qwilfish_(Pok%C3%A9mon),,,,,,,,,,,,,,,,,,LLM call failed after retries: Failed to parse JSON from model response: Expecting value: line 1 column 1 (char 0); response=,,
Slakoth,https://bulbapedia.bulbagarden.net/wiki/Slakoth_(Pok%C3%A9mon),287,,,,,,,,0.8,24.0,1st,Normal,,"[""Field""]","[""HP""]",Gen III,"[""Gen III"", ""Gen IV"", ""Gen V"", ""Gen VI"", ""Gen VII"", ""Gen VIII"", ""Gen IX""]",,,
,https://bulbapedia.bulbagarden.net/wiki/Tyrogue_(Pok%C3%A9mon),,,,,,,,,,,,,,,,,,LLM call failed after retries: Failed to parse JSON from model response: Expecting value: line 1 column 1 (char 0); response=,,
Vigoroth,https://bulbapedia.bulbagarden.net/wiki/Vigoroth_(Pok%C3%A9mon),288,,,,,,,,1.4,46.5,2nd,Normal,,"[""Field""]","[""Speed""]",Gen III,"[""Gen III"", ""Gen IV"", ""Gen V"", ""Gen VI"", ""Gen VII"", ""Gen VIII"", ""Gen IX""]",,,
,https://bulbapedia.bulbagarden.net/wiki/Entei_(Pok%C3%A9mon),,,,,,,,,,,,,,,,,,LLM call failed after retries: Failed to parse JSON from model response: Expecting value: line 1 column 1 (char 0); response=,,
Masquerain,https://bulbapedia.bulbagarden.net/wiki/Masquerain_(Pok%C3%A9mon),284,,,,,,,,0.8,3.6,2nd,Bug,Flying,"[""Water 1"", ""Bug""]","[""Sp. Atk"", ""Sp. Def""]",Gen III,"[""Gen III"", ""Gen IV"", ""Gen V"", ""Gen VI"", ""Gen VII"", ""Gen VIII"", ""Gen IX""]",,,
Ninjask,https://bulbapedia.bulbagarden.net/wiki/Ninjask_(Pok%C3%A9mon),291,,,,,,,,0.8,12.0,2nd,Bug,Flying,"[""Bug""]","[""Speed""]",Gen III,"[""Gen III"", ""Gen IV"", ""Gen V"", ""Gen VI"", ""Gen VII"", ""Gen VIII"", ""Gen IX""]",,,
Slaking,https://bulbapedia.bulbagarden.net/wiki/Slaking_(Pok%C3%A9mon),289,,,,,,,,2.0,130.5,3rd,Normal,,"[""Field""]","[""HP""]",Gen III,"[""Gen III"", ""Gen IV"", ""Gen V"", ""Gen VI"", ""Gen VII"", ""Gen VIII"", ""Gen IX""]",,,
Shedinja,https://bulbapedia.bulbagarden.net/wiki/Shedinja_(Pok%C3%A9mon),292,,1,90,45,30,30,40,0.8,1.2,2nd,Bug,Ghost,"[""Mineral""]","[""HP""]",Gen III,"[""Gen III"", ""Gen IV"", ""Gen V"", ""Gen VI"", ""Gen VII"", ""Gen VIII"", ""Gen IX""]",,,
Nincada,https://bulbapedia.bulbagarden.net/wiki/Nincada_(Pok%C3%A9mon),290,,,,,,,,0.5,5.5,1st,Bug,Ground,"[""Bug""]","[""Defense""]",Gen III,"[""Gen III"", ""Gen IV"", ""Gen V"", ""Gen VI"", ""Gen VII"", ""Gen VIII"", ""Gen IX""]",,,
Loudred,https://bulbapedia.bulbagarden.net/wiki/Loudred_(Pok%C3%A9mon),294,,,,,,,,1.0,40.5,2nd,Normal,,"[""Monster"", ""Field""]","[""HP""]",Gen III,"[""Gen III"", ""Gen IV"", ""Gen V"", ""Gen VI"", ""Gen VII"", ""Gen VIII"", ""Gen IX""]",,,
Exploud,https://bulbapedia.bulbagarden.net/wiki/Exploud_(Pok%C3%A9mon),295,,,,,,,,1.5,84.0,3rd,Normal,,"[""Monster"", ""Field""]","[""HP""]",Gen III,"[""Gen III"", ""Gen IV"", ""Gen V"", ""Gen VI"", ""Gen VII"", ""Gen VIII"", ""Gen IX""]",,,
Makuhita,https://bulbapedia.bulbagarden.net/wiki/Makuhita_(Pok%C3%A9mon),296,,,,,,,,1.0,86.4,1st,Fighting,,"[""Human-Like""]","[""HP""]",Gen III,"[""Gen III"", ""Gen IV"", ""Gen V"", ""Gen VI"", ""Gen VII"", ""Gen VIII"", ""Gen IX""]",,,
Hariyama,https://bulbapedia.bulbagarden.net/wiki/Hariyama_(Pok%C3%A9mon),297,,,,,,,,2.3,253.8,2nd,Fighting,,"[""Human-Like""]","[""HP""]",Gen III,"[""Gen III"", ""Gen IV"", ""Gen V"", ""Gen VI"", ""Gen VII"", ""Gen VIII"", ""Gen IX""]",,,
Skitty,https://bulbapedia.bulbagarden.net/wiki/Skitty_(Pok%C3%A9mon),300,,50,45,45,35,35,50,0.6,11.0,1st,Normal,,"[""Field"", ""Fairy""]","[""Speed""]",Gen III,"[""Gen III"", ""Gen IV"", ""Gen V"", ""Gen VI"", ""Gen VII"", ""Gen VIII"", ""Gen IX""]",,,
Whismur,https://bulbapedia.bulbagarden.net/wiki/Whismur_(Pok%C3%A9mon),293,,64,51,23,51,23,28,0.6,16.3,1st,Normal,,"[""Monster"", ""Field""]","[""HP""]",Gen III,"[""Gen III"", ""Gen IV"", ""Gen V"", ""Gen VI"", ""Gen VII"", ""Gen VIII"", ""Gen IX""]",,,
Azurill,https://bulbapedia.bulbagarden.net/wiki/Azurill_(Pok%C3%A9mon),298,,50,20,40,20,40,20,0.2,2.0,Baby,Normal,Fairy,"[""No Eggs Discovered""]","[""HP""]",Gen III,"[""Gen III"", ""Gen IV"", ""Gen V"", ""Gen VI"", ""Gen VII"", ""Gen VIII"", ""Gen IX""]",,,
Nosepass,https://bulbapedia.bulbagarden.net/wiki/Nosepass_(Pok%C3%A9mon),299,,30,45,135,45,90,30,1.0,97.0,1st,Rock,,"[""Mineral""]","[""Defense""]",Gen III,"[""Gen III"", ""Gen IV"", ""Gen V"", ""Gen VI"", ""Gen VII"", ""Gen VIII"", ""Gen IX""]",,,
Delcatty,https://bulbapedia.bulbagarden.net/wiki/Delcatty_(Pok%C3%A9mon),301,,,,,,,,1.1,32.6,2nd,Normal,,"[""Field"", ""Fairy""]","[""HP"", ""Speed""]",Gen III,"[""Gen III"", ""Gen IV"", ""Gen V"", ""Gen VI"", ""Gen VII"", ""Gen VIII"", ""Gen IX""]",,,
Mawile,https://bulbapedia.bulbagarden.net/wiki/Mawile_(Pok%C3%A9mon),303,,,,,,,,0.6,11.5,1st,Steel,Fairy,"[""Field"", ""Fairy""]","[""Atk"", ""Def""]",Gen III,"[""Gen III"", ""Gen IV"", ""Gen V"", ""Gen VI"", ""Gen VII"", ""Gen VIII"", ""Gen IX""]",,,
Sableye,https://bulbapedia.bulbagarden.net/wiki/Sableye_(Pok%C3%A9mon),302,,,,,,,,0.5,11.0,1st,Dark,Ghost,"[""Human-Like""]","[""Atk"", ""Def""]",Gen III,"[""Gen III"", ""Gen IV"", ""Gen V"", ""Gen VI"", ""Gen VII"", ""Gen VIII"", ""Gen IX""]",,,
Aron,https://bulbapedia.bulbagarden.net/wiki/Aron_(Pok%C3%A9mon),304,,50,70,100,40,40,30,0.4,60.0,1st,Steel,Rock,"[""Monster""]","[""Defense""]",Gen III,"[""Gen III"", ""Gen IV"", ""Gen V"", ""Gen VI"", ""Gen VII"", ""Gen VIII"", ""Gen IX""]",,,
Aggron,https://bulbapedia.bulbagarden.net/wiki/Aggron_(Pok%C3%A9mon),306,,,,,,,,2.1,360.0,3rd,Steel,Rock,"[""Monster""]","[""Def""]",Gen III,"[""Gen III"", ""Gen IV"", ""Gen V"", ""Gen VI"", ""Gen VII"", ""Gen VIII"", ""Gen IX""]",,,
Meditite,https://bulbapedia.bulbagarden.net/wiki/Meditite_(Pok%C3%A9mon),307,,,,,,,,0.6,11.2,1st,Fighting,Psychic,"[""Human-Like""]","[""Speed""]",Gen III,"[""Gen III"", ""Gen IV"", ""Gen V"", ""Gen VI"", ""Gen VII"", ""Gen VIII"", ""Gen IX""]",,,
Medicham,https://bulbapedia.bulbagarden.net/wiki/Medicham_(Pok%C3%A9mon),308,,,,,,,,1.3,31.5,2nd,Fighting,Psychic,"[""Human-Like""]","[""Speed""]",Gen III,"[""Gen III"", ""Gen IV"", ""Gen V"", ""Gen VI"", ""Gen VII"", ""Gen VIII"", ""Gen IX""]",,,
,https://bulbapedia.bulbagarden.net/wiki/Qwilfish_(Pok%C3%A9mon),,,,,,,,,,,,,,,,,,LLM call failed after retries: Failed to parse JSON from model response: Expecting value: line 1 column 1 (char 0); response=,,
,https://bulbapedia.bulbagarden.net/wiki/Tyrogue_(Pok%C3%A9mon),,,,,,,,,,,,,,,,,,LLM call failed after retries: Failed to parse JSON from model response: Expecting value: line 1 column 1 (char 0); response=,,
Entei,https://bulbapedia.bulbagarden.net/wiki/Entei_(Pok%C3%A9mon),244,,115,115,85,90,75,100,2.1,198.0,1st,Fire,,"[""No Eggs Discovered""]","[""HP"", ""Attack""]",Gen II,"[""Gen II"", ""Gen III"", ""Gen IV"", ""Gen V"", ""Gen VI"", ""Gen VII"", ""Gen VIII"", ""Gen IX""]",,,
Electrike,https://bulbapedia.bulbagarden.net/wiki/Electrike_(Pok%C3%A9mon),309,,,,,,,,0.6,15.2,1st,Electric,,"[""Field""]","[""Speed""]",Gen III,"[""Gen III"", ""Gen IV"", ""Gen V"", ""Gen VI"", ""Gen VII"", ""Gen VIII"", ""Gen IX""]",,,
Plusle,https://bulbapedia.bulbagarden.net/wiki/Plusle_(Pok%C3%A9mon),311,,,,,,,,0.4,4.2,1st,Electric,,"[""Fairy""]","[""Speed""]",Gen III,"[""Gen III"", ""Gen IV"", ""Gen V"", ""Gen VI"", ""Gen VII"", ""Gen VIII"", ""Gen IX""]",,,
Illumise,https://bulbapedia.bulbagarden.net/wiki/Illumise_(Pok%C3%A9mon),314,,,,,,,,0.6,17.7,1st,Bug,,"[""Bug"", ""Human-Like""]","[""Speed""]",Gen III,"[""Gen III"", ""Gen IV"", ""Gen V"", ""Gen VI"", ""Gen VII"", ""Gen VIII"", ""Gen IX""]",,,
Minun,https://bulbapedia.bulbagarden.net/wiki/Minun_(Pok%C3%A9mon),312,,,,,,,,0.4,4.2,1st,Electric,,"[""Fairy""]","[""Speed""]",Gen III,"[""Gen III"", ""Gen IV"", ""Gen V"", ""Gen VI"", ""Gen VII"", ""Gen VIII"", ""Gen IX""]",,,
Roselia,https://bulbapedia.bulbagarden.net/wiki/Roselia_(Pok%C3%A9mon),315,,,,,,,,0.3,2.0,2nd,Grass,Poison,"[""Fairy"", ""Grass""]","[""Sp. Atk""]",Gen III,"[""Gen III"", ""Gen IV"", ""Gen V"", ""Gen VI"", ""Gen VII"", ""Gen VIII"", ""Gen IX""]",,,
Manectric,https://bulbapedia.bulbagarden.net/wiki/Manectric_(Pok%C3%A9mon),310,,,,,,,,1.5,40.2,2nd,Electric,,"[""Field""]","[""Speed""]",Gen III,"[""Gen III"", ""Gen IV"", ""Gen V"", ""Gen VI"", ""Gen VII"", ""Gen VIII"", ""Gen IX""]",,,
Volbeat,https://bulbapedia.bulbagarden.net/wiki/Volbeat_(Pok%C3%A9mon),313,,,,,,,,0.7,17.7,1st,Bug,,"[""Bug"", ""Human-Like""]","[""Speed""]",Gen III,"[""Gen III"", ""Gen IV"", ""Gen V"", ""Gen VI"", ""Gen VII"", ""Gen VIII"", ""Gen IX""]",,,
Swalot,https://bulbapedia.bulbagarden.net/wiki/Swalot_(Pok%C3%A9mon),317,,,,,,,,1.7,80.0,2nd,Poison,,"[""Amorphous""]","[""HP""]",Gen III,"[""Gen III"", ""Gen IV"", ""Gen V"", ""Gen VI"", ""Gen VII"", ""Gen VIII"", ""Gen IX""]",,,
Lairon,https://bulbapedia.bulbagarden.net/wiki/Lairon_(Pok%C3%A9mon),305,,60,90,140,50,50,40,0.9,120.0,2nd,Steel,Rock,"[""Monster""]","[""Defense""]",Gen III,"[""Gen III"", ""Gen IV"", ""Gen V"", ""Gen VI"", ""Gen VII"", ""Gen VIII"", ""Gen IX""]",,,
Wailmer,https://bulbapedia.bulbagarden.net/wiki/Wailmer_(Pok%C3%A9mon),320,,130,70,35,70,35,60,2.0,130.0,1st,Water,,"[""Field"", ""Water 2""]","[""HP""]",Gen III,"[""Gen III"", ""Gen IV"", ""Gen V"", ""Gen VI"", ""Gen VII"", ""Gen VIII"", ""Gen IX""]",,,
Wailord,https://bulbapedia.bulbagarden.net/wiki/Wailord_(Pok%C3%A9mon),321,,,,,,,,14.5,398.0,2nd,Water,,"[""Field"", ""Water 2""]","[""HP""]",Gen III,"[""Gen III"", ""Gen IV"", ""Gen V"", ""Gen VI"", ""Gen VII"", ""Gen VIII"", ""Gen IX""]",,,
Numel,https://bulbapedia.bulbagarden.net/wiki/Numel_(Pok%C3%A9mon),322,,,,,,,,0.7,24.0,1st,Fire,Ground,"[""Field""]","[""Sp. Atk""]",Gen III,"[""Gen III"", ""Gen IV"", ""Gen V"", ""Gen VI"", ""Gen VII"", ""Gen VIII"", ""Gen IX""]",,,
Carvanha,https://bulbapedia.bulbagarden.net/wiki/Carvanha_(Pok%C3%A9mon),318,,,,,,,,0.8,20.8,1st,Water,Dark,"[""Water 2""]","[""Attack""]",Gen III,"[""Gen III"", ""Gen IV"", ""Gen V"", ""Gen VI"", ""Gen VII"", ""Gen VIII"", ""Gen IX""]",,,
Gulpin,https://bulbapedia.bulbagarden.net/wiki/Gulpin_(Pok%C3%A9mon),316,,,,,,,,0.4,10.3,1st,Poison,,"[""Amorphous""]","[""HP""]",Gen III,"[""Gen III"", ""Gen IV"", ""Gen V"", ""Gen VI"", ""Gen VII"", ""Gen VIII"", ""Gen IX""]",,,
Sharpedo,https://bulbapedia.bulbagarden.net/wiki/Sharpedo_(Pok%C3%A9mon),319,,70,120,40,95,40,95,1.8,88.8,2nd,Water,Dark,"[""Water 2""]","[""Attack""]",Gen III,"[""Gen III"", ""Gen IV"", ""Gen V"", ""Gen VI"", ""Gen VII"", ""Gen VIII"", ""Gen IX""]",,,
Torkoal,https://bulbapedia.bulbagarden.net/wiki/Torkoal_(Pok%C3%A9mon),324,,70,85,140,85,70,20,0.5,80.4,1st,Fire,,"[""Field""]","[""Defense""]",Gen III,"[""Gen III"", ""Gen IV"", ""Gen V"", ""Gen VI"", ""Gen VII"", ""Gen VIII"", ""Gen IX""]",,,
Grumpig,https://bulbapedia.bulbagarden.net/wiki/Grumpig_(Pok%C3%A9mon),326,,,,,,,,0.9,71.5,2nd,Psychic,,"[""Field""]","[""Sp. Def""]",Gen III,"[""Gen III"", ""Gen IV"", ""Gen V"", ""Gen VI"", ""Gen VII"", ""Gen VIII"", ""Gen IX""]",,,
Spinda,https://bulbapedia.bulbagarden.net/wiki/Spinda_(Pok%C3%A9mon),327,,,,,,,,1.1,5.0,1st,Normal,,"[""Field"", ""Human-Like""]","[""Sp. Atk""]",Gen III,"[""Gen III"", ""Gen IV"", ""Gen V"", ""Gen VI"", ""Gen VII"", ""Gen VIII"", ""Gen IX""]",,,
Camerupt,https://bulbapedia.bulbagarden.net/wiki/Camerupt_(Pok%C3%A9mon),323,,,,,,,,1.9,220.0,2nd,Fire,Ground,"[""Field""]","[""Atk"", ""Sp. Atk""]",Gen III,"[""Gen III"", ""Gen IV"", ""Gen V"", ""Gen VI"", ""Gen VII"", ""Gen VIII"", ""Gen IX""]",,,
Flygon,https://bulbapedia.bulbagarden.net/wiki/Flygon_(Pok%C3%A9mon),330,,,,,,,,2.0,82.0,3rd,Ground,Dragon,"[""Bug"", ""Dragon""]","[""Attack"", ""Speed""]",Gen III,"[""Gen III"", ""Gen IV"", ""Gen V"", ""Gen VI"", ""Gen VII"", ""Gen VIII"", ""Gen IX""]",,,
Spoink,https://bulbapedia.bulbagarden.net/wiki/Spoink_(Pok%C3%A9mon),325,,60,25,35,70,80,60,0.7,30.6,1st,Psychic,,"[""Field""]","[""Sp. Def""]",Gen III,"[""Gen III"", ""Gen IV"", ""Gen V"", ""Gen VI"", ""Gen VII"", ""Gen VIII"", ""Gen IX""]",,,
Cacnea,https://bulbapedia.bulbagarden.net/wiki/Cacnea_(Pok%C3%A9mon),331,,,,,,,,0.4,51.3,1st,Grass,,"[""Grass"", ""Human-Like""]","[""Sp. Atk""]",Gen III,"[""Gen III"", ""Gen IV"", ""Gen V"", ""Gen VI"", ""Gen VII"", ""Gen VIII"", ""Gen IX""]",,,
Altaria,https://bulbapedia.bulbagarden.net/wiki/Altaria_(Pok%C3%A9mon),334,,,,,,,,1.1,20.6,2nd,Dragon,Flying,"[""Flying"", ""Dragon""]","[""Sp. Def""]",Gen III,"[""Gen III"", ""Gen IV"", ""Gen V"", ""Gen VI"", ""Gen VII"", ""Gen VIII"", ""Gen IX""]",,,
Swablu,https://bulbapedia.bulbagarden.net/wiki/Swablu_(Pok%C3%A9mon),333,,,,,,,,0.4,1.2,1st,Normal,Flying,"[""Flying"", ""Dragon""]","[""Sp. Def""]",Gen III,"[""Gen III"", ""Gen IV"", ""Gen V"", ""Gen VI"", ""Gen VII"", ""Gen VIII"", ""Gen IX""]",,,
Seviper,https://bulbapedia.bulbagarden.net/wiki/Seviper_(Pok%C3%A9mon),336,,,,,,,,2.7,52.5,1st,Poison,,"[""Field"", ""Dragon""]","[""Attack"", ""Sp. Atk""]",Gen III,"[""Gen III"", ""Gen IV"", ""Gen V"", ""Gen VI"", ""Gen VII"", ""Gen VIII"", ""Gen IX""]",,,
Lunatone,https://bulbapedia.bulbagarden.net/wiki/Lunatone_(Pok%C3%A9mon),337,,,,,,,,1.0,168.0,1st,Rock,Psychic,"[""Mineral""]","[""Sp. Atk""]",Gen III,"[""Gen III"", ""Gen IV"", ""Gen V"", ""Gen VI"", ""Gen VII"", ""Gen VIII"", ""Gen IX""]",,,
Zangoose,https://bulbapedia.bulbagarden.net/wiki/Zangoose_(Pok%C3%A9mon),335,,,,,,,,1.3,40.3,1st,Normal,,"[""Field""]","[""Attack""]",Gen III,"[""Gen III"", ""Gen IV"", ""Gen V"", ""Gen VI"", ""Gen VII"", ""Gen VIII"", ""Gen IX""]",,,
Trapinch,https://bulbapedia.bulbagarden.net/wiki/Trapinch_(Pok%C3%A9mon),328,,45,100,45,45,45,10,0.7,15.0,1st,Ground,,"[""Bug"", ""Dragon""]","[""Attack""]",Gen III,"[""Gen III"", ""Gen IV"", ""Gen V"", ""Gen VI"", ""Gen VII"", ""Gen VIII"", ""Gen IX""]",,,
Solrock,https://bulbapedia.bulbagarden.net/wiki/Solrock_(Pok%C3%A9mon),338,,,,,,,,1.2,154.0,1st,Rock,Psychic,"[""Mineral""]","[""Attack""]",Gen III,"[""Gen III"", ""Gen IV"", ""Gen V"", ""Gen VI"", ""Gen VII"", ""Gen VIII"", ""Gen IX""]",,,
Cacturne,https://bulbapedia.bulbagarden.net/wiki/Cacturne_(Pok%C3%A9mon),332,,,,,,,,1.3,77.4,2nd,Grass,Dark,"[""Grass"", ""Human-Like""]","[""Atk"", ""Sp. Atk""]",Gen III,"[""Gen III"", ""Gen IV"", ""Gen V"", ""Gen VI"", ""Gen VII"", ""Gen VIII"", ""Gen IX""]",,,
Barboach,https://bulbapedia.bulbagarden.net/wiki/Barboach_(Pok%C3%A9mon),339,,,,,,,,0.4,1.9,1st,Water,Ground,"[""Water 2""]","[""HP""]",Gen III,"[""Gen III"", ""Gen IV"", ""Gen V"", ""Gen VI"", ""Gen VII"", ""Gen VIII"", ""Gen IX""]",,,
Whiscash,https://bulbapedia.bulbagarden.net/wiki/Whiscash_(Pok%C3%A9mon),340,,,,,,,,0.9,23.6,2nd,Water,Ground,"[""Water 2""]","[""HP""]",Gen III,"[""Gen III"", ""Gen IV"", ""Gen V"", ""Gen VI"", ""Gen VII"", ""Gen VIII"", ""Gen IX""]",,,
Crawdaunt,https://bulbapedia.bulbagarden.net/wiki/Crawdaunt_(Pok%C3%A9mon),342,,,,,,,,1.1,32.8,2nd,Water,Dark,"[""Water 1"", ""Water 3""]","[""Atk""]",Gen III,"[""Gen III"", ""Gen IV"", ""Gen V"", ""Gen VI"", ""Gen VII"", ""Gen VIII"", ""Gen IX""]",,,
Corphish,https://bulbapedia.bulbagarden.net/wiki/Corphish_(Pok%C3%A9mon),341,,43,80,65,50,35,35,0.6,11.5,1st,Water,,"[""Water 1"", ""Water 3""]","[""Atk""]",Gen III,"[""Gen III"", ""Gen IV"", ""Gen V"", ""Gen VI"", ""Gen VII"", ""Gen VIII"", ""Gen IX""]",,,
Baltoy,https://bulbapedia.bulbagarden.net/wiki/Baltoy_(Pok%C3%A9mon),343,,40,40,55,40,70,55,0.5,21.5,1st,Ground,Psychic,"[""Mineral""]","[""Sp. Def""]",Gen III,"[""Gen III"", ""Gen IV"", ""Gen V"", ""Gen VI"", ""Gen VII"", ""Gen VIII"", ""Gen IX""]",,,
Lileep,https://bulbapedia.bulbagarden.net/wiki/Lileep_(Pok%C3%A9mon),345,,,,,,,,1.0,23.8,1st,Rock,Grass,"[""Water 3""]","[""Sp. Def""]",Gen III,"[""Gen III"", ""Gen IV"", ""Gen V"", ""Gen VI"", ""Gen VII"", ""Gen VIII"", ""Gen IX""]",,,
Claydol,https://bulbapedia.bulbagarden.net/wiki/Claydol_(Pok%C3%A9mon),344,,,,,,,,1.5,108.0,2nd,Ground,Psychic,"[""Mineral""]","[""Sp. Def""]",Gen III,"[""Gen III"", ""Gen IV"", ""Gen V"", ""Gen VI"", ""Gen VII"", ""Gen VIII"", ""Gen IX""]",,,
,https://bulbapedia.bulbagarden.net/wiki/Vibrava_(Pok%C3%A9mon),,,,,,,,,,,,,,,,,,LLM call failed after retries: Failed to parse JSON from model response: Expecting value: line 1 column 1 (char 0); response=,,
,https://bulbapedia.bulbagarden.net/wiki/Qwilfish_(Pok%C3%A9mon),,,,,,,,,,,,,,,,,,LLM call failed after retries: Failed to parse JSON from model response: Expecting value: line 1 column 1 (char 0); response=,,
,https://bulbapedia.bulbagarden.net/wiki/Tyrogue_(Pok%C3%A9mon),,,,,,,,,,,,,,,,,,LLM call failed after retries: Failed to parse JSON from model response: Expecting value: line 1 column 1 (char 0); response=,,
Feebas,https://bulbapedia.bulbagarden.net/wiki/Feebas_(Pok%C3%A9mon),349,,,,,,,,0.6,7.4,1st,Water,,"[""Water 1"", ""Dragon""]","[""Speed""]",Gen III,"[""Gen III"", ""Gen IV"", ""Gen V"", ""Gen VI"", ""Gen VII"", ""Gen VIII"", ""Gen IX""]",,,
Milotic,https://bulbapedia.bulbagarden.net/wiki/Milotic_(Pok%C3%A9mon),350,,95,60,79,100,125,81,6.2,162.0,2nd,Water,,"[""Water 1"", ""Dragon""]","[""Sp. Def""]",Gen III,"[""Gen III"", ""Gen IV"", ""Gen V"", ""Gen VI"", ""Gen VII"", ""Gen VIII"", ""Gen IX""]",,,
Castform,https://bulbapedia.bulbagarden.net/wiki/Castform_(Pok%C3%A9mon),351,,,,,,,,0.3,0.8,1st,Normal,,"[""Fairy"", ""Amorphous""]","[""HP""]",Gen III,"[""Gen III"", ""Gen IV"", ""Gen V"", ""Gen VI"", ""Gen VII"", ""Gen VIII"", ""Gen IX""]",,,
Kecleon,https://bulbapedia.bulbagarden.net/wiki/Kecleon_(Pok%C3%A9mon),352,,,,,,,,1.0,22.0,1st,Normal,,"[""Field""]","[""Sp. Def""]",Gen III,"[""Gen III"", ""Gen IV"", ""Gen V"", ""Gen VI"", ""Gen VII"", ""Gen VIII"", ""Gen IX""]",,,
Shuppet,https://bulbapedia.bulbagarden.net/wiki/Shuppet_(Pok%C3%A9mon),353,,,,,,,,0.6,2.3,1st,Ghost,,"[""Amorphous""]","[""Attack""]",Gen III,"[""Gen III"", ""Gen IV"", ""Gen V"", ""Gen VI"", ""Gen VII"", ""Gen VIII"", ""Gen IX""]",,,
Duskull,https://bulbapedia.bulbagarden.net/wiki/Duskull_(Pok%C3%A9mon),355,,,,,,,,0.8,15.0,1st,Ghost,,"[""Amorphous""]","[""Sp. Def""]",Gen III,"[""Gen III"", ""Gen IV"", ""Gen V"", ""Gen VI"", ""Gen VII"", ""Gen VIII"", ""Gen IX""]",,,
Armaldo,https://bulbapedia.bulbagarden.net/wiki/Armaldo_(Pok%C3%A9mon),348,,,,,,,,1.5,68.2,2nd,Rock,Bug,"[""Water 3""]","[""Atk""]",Gen III,"[""Gen III"", ""Gen IV"", ""Gen V"", ""Gen VI"", ""Gen VII"", ""Gen VIII"", ""Gen IX""]",,,
Dusclops,https://bulbapedia.bulbagarden.net/wiki/Dusclops_(Pok%C3%A9mon),356,,40,70,130,60,130,25,1.6,30.6,2nd,Ghost,,"[""Amorphous""]","[""Defense"", ""Sp. Def""]",Gen III,"[""Gen III"", ""Gen IV"", ""Gen V"", ""Gen VI"", ""Gen VII"", ""Gen VIII"", ""Gen IX""]",,,
Tropius,https://bulbapedia.bulbagarden.net/wiki/Tropius_(Pok%C3%A9mon),357,,,,,,,,2.0,100.0,1st,Grass,Flying,"[""Monster"", ""Grass""]","[""HP""]",Gen III,"[""Gen III"", ""Gen IV"", ""Gen V"", ""Gen VI"", ""Gen VII"", ""Gen VIII"", ""Gen IX""]",,,
Cradily,https://bulbapedia.bulbagarden.net/wiki/Cradily_(Pok%C3%A9mon),346,,,,,,,,1.5,60.4,2nd,Rock,Grass,"[""Water 3""]","[""Sp. Def""]",Gen III,"[""Gen III"", ""Gen IV"", ""Gen V"", ""Gen VI"", ""Gen VII"", ""Gen VIII"", ""Gen IX""]",,,
Chimecho,https://bulbapedia.bulbagarden.net/wiki/Chimecho_(Pok%C3%A9mon),358,,,,,,,,0.6,1.0,2nd,Psychic,,"[""Amorphous""]","[""Sp. Atk"", ""Sp. Def""]",Gen III,"[""Gen III"", ""Gen IV"", ""Gen V"", ""Gen VI"", ""Gen VII"", ""Gen VIII"", ""Gen IX""]",,,
Absol,https://bulbapedia.bulbagarden.net/wiki/Absol_(Pok%C3%A9mon),359,,,,,,,,1.2,47.0,1st,Dark,,"[""Field""]","[""Attack""]",Gen III,"[""Gen III"", ""Gen IV"", ""Gen V"", ""Gen VI"", ""Gen VII"", ""Gen VIII"", ""Gen IX""]",,,
Banette,https://bulbapedia.bulbagarden.net/wiki/Banette_(Pok%C3%A9mon),354,,,,,,,,1.1,12.5,2nd,Ghost,,"[""Amorphous""]","[""Attack""]",Gen III,"[""Gen III"", ""Gen IV"", ""Gen V"", ""Gen VI"", ""Gen VII"", ""Gen VIII"", ""Gen IX""]",,,
Wynaut,https://bulbapedia.bulbagarden.net/wiki/Wynaut_(Pok%C3%A9mon),360,,95,23,48,23,48,23,0.6,14.0,Baby,Psychic,,"[""No Eggs Discovered""]","[""HP""]",Gen III,"[""Gen III"", ""Gen IV"", ""Gen V"", ""Gen VI"", ""Gen VII"", ""Gen VIII"", ""Gen IX""]",,,
Glalie,https://bulbapedia.bulbagarden.net/wiki/Glalie_(Pok%C3%A9mon),362,,,,,,,,1.5,256.5,2nd,Ice,,"[""Fairy"", ""Mineral""]","[""HP""]",Gen III,"[""Gen III"", ""Gen IV"", ""Gen V"", ""Gen VI"", ""Gen VII"", ""Gen VIII"", ""Gen IX""]",,,
Spheal,https://bulbapedia.bulbagarden.net/wiki/Spheal_(Pok%C3%A9mon),363,,,,,,,,0.8,39.5,1st,Ice,Water,"[""Water 1"", ""Field""]","[""HP""]",Gen III,"[""Gen III"", ""Gen IV"", ""Gen V"", ""Gen VI"", ""Gen VII"", ""Gen VIII"", ""Gen IX""]",,,
Clamperl,https://bulbapedia.bulbagarden.net/wiki/Clamperl_(Pok%C3%A9mon),366,,,,,,,,0.4,52.5,1st,Water,,"[""Water 1""]","[""Defense""]",Gen III,"[""Gen III"", ""Gen IV"", ""Gen V"", ""Gen VI"", ""Gen VII"", ""Gen VIII"", ""Gen IX""]",,,
,https://bulbapedia.bulbagarden.net/wiki/Anorith_(Pok%C3%A9mon),,,,,,,,,,,,,,,,,,LLM call failed after retries: Failed to parse JSON from model response: Expecting value: line 1 column 1 (char 0); response=,,
Snorunt,https://bulbapedia.bulbagarden.net/wiki/Snorunt_(Pok%C3%A9mon),361,,,,,,,,0.7,16.8,1st,Ice,,"[""Fairy"", ""Mineral""]","[""HP""]",Gen III,"[""Gen III"", ""Gen IV"", ""Gen V"", ""Gen VI"", ""Gen VII"", ""Gen VIII"", ""Gen IX""]",,,
Gorebyss,https://bulbapedia.bulbagarden.net/wiki/Gorebyss_(Pok%C3%A9mon),368,,,,,,,,1.8,22.6,2nd,Water,,"[""Water 1""]","[""Sp. Atk""]",Gen III,"[""Gen III"", ""Gen IV"", ""Gen V"", ""Gen VI"", ""Gen VII"", ""Gen VIII"", ""Gen IX""]",,,
Huntail,https://bulbapedia.bulbagarden.net/wiki/Huntail_(Pok%C3%A9mon),367,,,,,,,,1.7,27.0,2nd,Water,,"[""Water 1""]","[""Atk"", ""Def""]",Gen III,"[""Gen III"", ""Gen IV"", ""Gen V"", ""Gen VI"", ""Gen VII"", ""Gen VIII"", ""Gen IX""]",,,
Luvdisc,https://bulbapedia.bulbagarden.net/wiki/Luvdisc_(Pok%C3%A9mon),370,,,,,,,,0.6,8.7,1st,Water,,"[""Water 2""]","[""Speed""]",Gen III,"[""Gen III"", ""Gen IV"", ""Gen V"", ""Gen VI"", ""Gen VII"", ""Gen VIII"", ""Gen IX""]",,,
Walrein,https://bulbapedia.bulbagarden.net/wiki/Walrein_(Pok%C3%A9mon),365,,,,,,,,1.4,150.6,3rd,Ice,Water,"[""Water 1"", ""Field""]","[""HP""]",Gen III,"[""Gen III"", ""Gen IV"", ""Gen V"", ""Gen VI"", ""Gen VII"", ""Gen VIII"", ""Gen IX""]",,,
Shelgon,https://bulbapedia.bulbagarden.net/wiki/Shelgon_(Pok%C3%A9mon),372,,,,,,,,1.1,110.5,2nd,Dragon,,"[""Dragon""]","[""Defense""]",Gen III,"[""Gen III"", ""Gen IV"", ""Gen V"", ""Gen VI"", ""Gen VII"", ""Gen VIII"", ""Gen IX""]",,,
Salamence,https://bulbapedia.bulbagarden.net/wiki/Salamence_(Pok%C3%A9mon),373,,95,135,80,110,80,100,1.5,102.6,3rd,Dragon,Flying,"[""Dragon""]","[""Atk""]",Gen III,"[""Gen III"", ""Gen IV"", ""Gen V"", ""Gen VI"", ""Gen VII"", ""Gen VIII"", ""Gen IX""]",,,
Relicanth,https://bulbapedia.bulbagarden.net/wiki/Relicanth_(Pok%C3%A9mon),369,,,,,,,,1.0,23.4,1st,Water,Rock,"[""Water 1"", ""Water 2""]","[""HP"", ""Def""]",Gen III,"[""Gen III"", ""Gen IV"", ""Gen V"", ""Gen VI"", ""Gen VII"", ""Gen VIII"", ""Gen IX""]",,,
Metang,https://bulbapedia.bulbagarden.net/wiki/Metang_(Pok%C3%A9mon),375,,,,,,,,1.2,202.5,2nd,Steel,Psychic,"[""Mineral""]","[""Defense""]",Gen III,"[""Gen III"", ""Gen IV"", ""Gen V"", ""Gen VI"", ""Gen VII"", ""Gen VIII"", ""Gen IX""]",,,
Sealeo,https://bulbapedia.bulbagarden.net/wiki/Sealeo_(Pok%C3%A9mon),364,,,,,,,,1.1,87.6,2nd,Ice,Water,"[""Water 1"", ""Field""]","[""HP""]",Gen III,"[""Gen III"", ""Gen IV"", ""Gen V"", ""Gen VI"", ""Gen VII"", ""Gen VIII"", ""Gen IX""]",,,
Metagross,https://bulbapedia.bulbagarden.net/wiki/Metagross_(Pok%C3%A9mon),376,,,,,,,,1.6,550.0,3rd,Steel,Psychic,"[""Mineral""]","[""Def""]",Gen III,"[""Gen III"", ""Gen IV"", ""Gen V"", ""Gen VI"", ""Gen VII"", ""Gen VIII"", ""Gen IX""]",,,
Beldum,https://bulbapedia.bulbagarden.net/wiki/Beldum_(Pok%C3%A9mon),374,,40,55,80,35,60,30,0.6,95.2,1st,Steel,Psychic,"[""Mineral""]","[""Defense""]",Gen III,"[""Gen III"", ""Gen IV"", ""Gen V"", ""Gen VI"", ""Gen VII"", ""Gen VIII"", ""Gen IX""]",,,
Regice,https://bulbapedia.bulbagarden.net/wiki/Regice_(Pok%C3%A9mon),378,,,,,,,,1.8,175.0,1st,Ice,,"[""No Eggs Discovered""]","[""Sp. Def""]",Gen III,"[""Gen III"", ""Gen IV"", ""Gen V"", ""Gen VI"", ""Gen VII"", ""Gen VIII"", ""Gen IX""]",,,
Latias,https://bulbapedia.bulbagarden.net/wiki/Latias_(Pok%C3%A9mon),380,,,,,,,,1.4,40.0,1st,Dragon,Psychic,[],"[""Sp. Def""]",Gen III,"[""Gen III"", ""Gen IV"", ""Gen V"", ""Gen VI"", ""Gen VII"", ""Gen VIII"", ""Gen IX""]",,,
Regirock,https://bulbapedia.bulbagarden.net/wiki/Regirock_(Pok%C3%A9mon),377,,80,100,200,50,100,50,1.7,230.0,1st,Rock,,[],"[""Def""]",Gen III,"[""Gen III"", ""Gen IV"", ""Gen V"", ""Gen VI"", ""Gen VII"", ""Gen VIII"", ""Gen IX""]",,,
Groudon,https://bulbapedia.bulbagarden.net/wiki/Groudon_(Pok%C3%A9mon),383,,,,,,,,3.5,950.0,1st,Ground,,"[""No Eggs Discovered""]","[""Atk""]",Gen III,"[""Gen III"", ""Gen IV"", ""Gen V"", ""Gen VI"", ""Gen VII"", ""Gen VIII"", ""Gen IX""]",,,
Rayquaza,https://bulbapedia.bulbagarden.net/wiki/Rayquaza_(Pok%C3%A9mon),384,,105,150,90,150,90,95,7.0,206.5,1st,Dragon,Flying,[],"[""Atk"", ""Sp. Atk""]",Gen III,"[""Gen III"", ""Gen IV"", ""Gen V"", ""Gen VI"", ""Gen VII"", ""Gen VIII"", ""Gen IX""]",,,
Latios,https://bulbapedia.bulbagarden.net/wiki/Latios_(Pok%C3%A9mon),381,,80,90,80,130,110,110,2.0,60.0,1st,Dragon,Psychic,"[""No Eggs Discovered""]","[""Sp. Atk""]",Gen III,"[""Gen III"", ""Gen IV"", ""Gen V"", ""Gen VI"", ""Gen VII"", ""Gen VIII"", ""Gen IX""]",,,
Jirachi,https://bulbapedia.bulbagarden.net/wiki/Jirachi_(Pok%C3%A9mon),385,,,,,,,,0.3,1.1,1st,Steel,Psychic,[],"[""HP""]",Gen III,"[""Gen III"", ""Gen IV"", ""Gen V"", ""Gen VI"", ""Gen VII"", ""Gen VIII"", ""Gen IX""]",,,
